Classification,lower_north_sp,lower_west_sp,lower_south_sp,lower_east_sp,shroud_north,shroud_west,shroud_south,shroud_east,shroud_north_pst1hr,shroud_west_pst1hr,shroud_south_pst1hr,shroud_east_pst1hr,lower_west_zone,lower_north_zone,lower_east_zone,lower_south_zone,OAT,OAT_pst1hr,pressure_station,wind_speed,relative_humidity,max_air_temp_pst1hr,min_air_temp_pst1hr
COLD,140,140.1264,140,140.2368,46.09055,47.0127,46.57079,48.12116,46.38869,47.0127,46.88175,48.12116,66.90801,66.72136,67.88345,67.67153,49.06948,49.06948,101.88,18,85,49.64,48.92
COLD,140,140.1264,140,140.2368,46.09055,47.0127,46.57079,48.12116,46.38869,47.0127,46.88175,48.12116,66.90801,66.72136,67.88345,67.67153,49.06948,49.06948,101.96,22,83,49.28,47.48
COLD,140,140.1264,140,140.3816,45.77917,46.68985,46.27217,47.49757,46.38869,47.0127,46.88175,48.12116,66.99559,66.78522,67.97512,67.72324,49.06948,49.06948,101.96,22,83,49.28,47.48
COLD,140,140.2441,140,140.3816,45.47105,46.68985,46.27217,47.49757,46.38869,47.0127,46.88175,48.12116,67.04965,66.83083,68.0249,67.74802,48.15469,49.06948,101.96,22,83,49.28,47.48
COLD,140,140.2441,140,140.3816,45.47105,46.68985,46.27217,47.49757,46.38869,47.0127,46.88175,48.12116,67.04965,66.83083,68.0249,67.74802,48.15469,49.06948,101.96,22,83,49.28,47.48
COLD,140,140.2441,140,140.5363,44.85583,46.68985,45.9532,47.49757,46.38869,47.0127,46.86975,48.12116,67.18819,66.9309,68.22929,67.92657,47.8353,49.06948,101.96,22,83,49.28,47.48
COLD,140,140.2441,140,140.5363,44.55651,46.68985,46.25837,47.17941,45.77917,46.68985,46.27217,47.49757,67.24991,66.99616,68.19933,68.05909,47.8353,49.06948,101.91,24,82,48.56,47.3
COLD,140,140.2441,140,140.5363,44.55651,47.65326,47.79814,48.56206,45.47105,46.68985,46.27217,47.49757,67.31025,67.03268,68.25233,68.11741,47.8353,48.15469,101.91,24,82,48.56,47.3
COLD,140,140.2441,140,140.5363,44.85677,48.00546,47.13969,48.59789,44.85583,46.68985,45.9532,47.49757,67.39597,67.13432,68.33042,68.21088,47.8353,48.15469,101.91,24,82,48.56,47.3
COLD,140,140.2441,140,140.5363,44.85677,48.00546,47.13969,48.59789,44.85583,46.68985,45.9532,47.49757,67.39597,67.13432,68.33042,68.21088,47.8353,48.15469,101.91,24,82,48.56,47.3
COLD,140,140.2441,140,140.5363,45.15938,48.00546,47.45732,48.59789,44.85583,46.68985,45.9532,47.49757,67.41199,67.1801,68.34754,68.23299,48.45487,47.8353,101.91,24,82,48.56,47.3
COLD,140,140.2441,140,140.3828,45.47112,48.60708,47.76298,49.22235,44.55651,46.68985,46.25837,47.49757,67.45037,67.24144,68.37104,68.27722,48.45487,47.8353,101.93,22,78,49.28,48.02
COLD,140,140.2441,140,140.3828,45.7807,48.90743,48.1148,49.22235,44.55651,48.00546,47.7652,48.90564,67.60821,67.39157,68.51849,68.35784,48.76513,47.8353,101.93,22,78,49.28,48.02
COLD,140,140.2441,140,140.3828,46.08125,49.21072,48.41967,49.22235,44.85677,48.00546,47.13969,48.59789,67.61434,67.3978,68.58555,68.38886,48.76513,47.8353,101.93,22,78,49.28,48.02
COLD,140,140.2441,140,140.3828,46.08125,49.21072,48.41967,49.22235,44.85677,48.00546,47.13969,48.59789,67.61434,67.3978,68.58555,68.38886,48.76513,47.8353,101.93,22,78,49.28,48.02
COLD,140,140.2441,140,140.3828,46.38849,49.54618,49.0377,49.52816,45.47112,48.60708,47.76298,49.22235,67.68465,67.46775,68.70879,68.47465,48.76513,48.45487,101.93,18,75,50.72,49.28
COLD,140,140.1202,140,140.2251,46.38849,49.84663,49.33744,49.84219,45.7807,48.90743,48.1148,49.22235,67.72156,67.51412,68.71008,68.4826,48.76513,48.45487,101.93,18,75,50.72,49.28
COLD,140,140.1202,140,140.2251,46.69289,49.84663,49.63938,50.14126,45.7807,48.90743,48.1148,49.22235,67.75558,67.53255,68.70997,68.51038,49.40731,48.76513,101.93,18,75,50.72,49.28
COLD,140,140.1202,140,140.2251,47.00262,50.44915,49.93853,50.44225,45.7807,48.90743,48.1148,49.22235,67.77184,67.58994,68.63665,68.53002,49.40731,48.76513,101.93,18,75,50.72,49.28
COLD,140,140.1202,140,140.2251,47.00262,50.44915,49.93853,50.44225,45.7807,48.90743,48.1148,49.22235,67.77184,67.58994,68.63665,68.53002,49.40731,48.76513,101.93,18,75,50.72,49.28
COLD,140,140,140,140.0729,47.30195,51.05851,50.55367,51.06461,46.08125,49.54618,49.0377,49.52816,67.88306,67.67847,68.73623,68.60653,50.01318,48.76513,101.93,18,75,50.72,49.28
COLD,140,140,140,140.0729,47.30195,51.05851,50.55367,51.06461,46.08125,49.54618,49.0377,49.52816,67.88306,67.67847,68.73623,68.60653,50.01318,48.76513,101.93,18,75,50.72,49.28
COLD,140,140,140,140.0729,47.60137,51.36342,50.86283,51.38763,46.38849,49.54618,49.0377,49.52816,67.9222,67.74249,68.76814,68.65045,50.01318,48.76513,101.88,24,73,52.34,50.54
COLD,140,140,140,140.0729,47.90376,51.97834,51.18497,51.68739,46.38849,49.84663,49.33744,49.84219,67.95927,67.75565,68.80318,68.64028,50.01318,48.76513,101.88,24,73,52.34,50.54
COLD,140,140,140,140.0729,48.51587,52.41537,51.70327,52.02075,47.00262,51.05851,50.55367,51.06461,68.11662,67.94079,69.02473,68.66243,50.61427,49.40731,101.88,24,73,52.34,50.54
COLD,140,140,140,140.0729,48.51587,52.41537,51.70327,52.02075,47.00262,51.05851,50.55367,51.06461,68.11662,67.94079,69.02473,68.66243,50.61427,49.40731,101.88,24,73,52.34,50.54
COLD,140,140,140,140.0729,48.51587,52.41537,51.70327,52.02075,47.30195,51.05851,50.55367,51.06461,68.1246,67.99363,69.04087,68.61759,50.92107,50.01318,101.88,24,73,52.34,50.54
COLD,140,140,140,140.0729,48.81801,52.11412,51.40354,51.67469,47.90376,53.37418,52.64175,52.7427,68.10247,68.05766,69.04687,68.36883,50.92107,50.61427,101.81,24,74,51.98,51.44
COLD,140,140,140,140,50.50328,50.75397,50.81267,51.18311,51.11865,51.35228,52.04617,52.44496,66.6807,66.80795,67.75095,67.19776,51.94373,52.2468,100.81,28,95,53.42,51.98
COLD,140,140,140,140,49.87538,51.05119,51.12084,51.16623,50.18804,50.4468,50.50348,50.85178,67.14193,67.2962,68.24554,67.87386,51.6297,51.0186,100.79,26,95,53.42,51.98
COLD,140,140,140,140,49.87538,51.05119,51.12084,51.16623,50.18804,50.4468,50.50348,50.85178,67.14193,67.2962,68.24554,67.87386,51.6297,51.0186,100.79,26,95,53.42,51.98
COLD,140,140,140,140,50.18672,51.67272,51.42505,51.81741,49.57443,50.4468,50.50348,50.85178,67.325,67.47724,68.52088,68.14768,51.6297,51.0186,100.79,26,95,53.42,51.98
COLD,140,140,140,140,50.49384,51.98291,51.73013,52.13287,49.57443,50.4468,50.50348,50.85178,67.37476,67.52608,68.51657,68.15438,52.22741,51.0186,100.79,26,95,53.42,51.98
COLD,140,140,140,140,51.112,52.60499,52.34441,53.07862,49.87538,51.35834,51.42505,51.49067,67.59202,67.84844,68.90713,68.35437,52.53234,51.6297,100.76,24,95,54.68,53.42
COLD,140,140,140,140,51.41776,53.20451,52.65469,53.39671,50.49384,51.98291,51.73013,52.13287,67.74539,68.02204,68.95333,68.45086,52.83575,52.22741,100.76,24,95,54.68,53.42
COLD,140,140,140,140,52.02542,54.44261,53.58255,54.0075,51.41776,53.20451,52.65469,53.39671,68.09112,68.40362,69.16282,68.74808,53.45108,52.83575,100.67,30,95,55.4,54.5
COLD,140,140,140,140,52.02542,54.44261,53.58255,54.0075,51.41776,53.20451,52.65469,53.39671,68.09112,68.40362,69.16282,68.74808,53.45108,52.83575,100.67,30,95,55.4,54.5
COLD,140,140,140,140,52.938,54.76327,54.51225,54.6692,51.41776,54.14416,53.58255,53.69894,68.21024,68.45422,69.22997,68.92532,54.0493,52.83575,100.62,24,95,56.3,55.22
COLD,140,140,140,140,54.75934,56.32729,56.38886,56.23583,53.54749,54.76327,54.81182,54.98661,68.52596,68.85436,69.59982,69.22939,55.58775,54.6583,100.51,26,96,57.74,56.12
COLD,140,140,140,140,53.1832,55.04256,55.1813,57.29527,51.96109,53.47068,53.6291,55.30542,67.62253,68.1012,69.04308,68.47198,54.21007,53.60658,101.09,8,87,55.04,54.32
COLD,140,140,140,140,53.80229,55.668,56.10175,58.21301,53.1832,55.04256,55.1813,57.29527,68.2429,68.692,69.57984,68.9712,54.52707,54.21007,101.09,8,86,55.76,55.04
COLD,140,140,131.3242,140,54.71436,57.866,57.61142,59.73912,54.10532,56.94862,56.4014,58.53699,69.02051,69.40742,70.11637,69.52462,55.73803,54.82811,101.13,4,86,56.48,55.58
COLD,134.3704,140,119.4916,140,55.62497,58.49568,57.9225,59.66329,54.71436,57.866,57.61142,59.73912,69.21439,69.56945,70.79122,69.80323,56.04634,55.73803,101.08,11,87,57.02,56.3
COLD,132.2086,140,119.4916,140,55.62497,58.81671,58.2198,60.27309,55.32133,58.17265,57.61142,59.42665,69.27372,69.7032,70.67563,69.831,56.04634,55.73803,101.03,9,85,58.28,56.84
COLD,129.0085,140,122.1537,126.1909,55.92901,60.42665,60.28774,61.26816,55.62497,58.17265,57.9225,59.36443,69.42427,69.82561,70.81248,69.91034,57.00354,55.73803,101.03,9,85,58.28,56.84
HOT,103.4667,128.622,111.3333,140,67.77972,67.7998,71.30849,70.8697,69.55466,69.40788,70.76447,70.23204,70.71872,71.27366,71.38073,70.22039,68.99647,70.07122,100.1,30,74,71.6,67.82
HOT,103.4667,114.7785,124.9867,140,65.22305,65.57773,77.10883,79.34778,70.46021,70.68109,72.04773,71.52929,71.18851,71.45423,71.15863,71.33579,66.63778,68.99647,100.1,30,74,71.6,67.82
HOT,103.4667,114.7785,124.9867,140,65.22305,65.57773,77.10883,79.34778,70.46021,70.68109,72.04773,71.52929,71.18851,71.45423,71.15863,71.33579,66.63778,68.99647,100.1,30,74,71.6,67.82
COLD,117.1067,129.1867,140,116.0667,61.49939,84.39569,80.04151,64.05652,63.65388,80.9429,82.27139,65.70398,72.64606,71.85728,71.81003,72.27296,62.59066,64.75056,100.65,18,48,67.46,64.76
COLD,140,140.6872,140,140.1824,42.64455,43.59327,53.93651,55.12299,42.94196,42.68642,43.98949,43.49872,67.71674,67.87436,69.42539,69.292,45.52823,45.48806,101.58,26,70,46.94,44.96
HOT,128.4894,140.0113,110.3097,140.0768,57.88778,52.79004,51.90627,51.37434,53.95007,50.88004,50.31453,50.18804,69.19281,69.39983,70.5364,70.49206,49.92057,48.95376,101.47,30,75,51.8,51.26
HOT,130.0464,140,119.5014,126.3365,67.1098,68.5094,71.59633,80.29285,64.94341,65.98804,66.57037,65.8652,69.28522,70.47097,71.26376,71.04111,67.77249,65.56425,101.25,0,98,61.88,58.28
HOT,105.3085,140,121.84,110.2933,67.1098,68.49539,80.15407,83.70346,66.17706,67.87583,72.65253,73.93447,69.74007,70.96609,71.58179,71.42881,67.77249,66.86086,101.25,0,98,61.88,58.28
HOT,105.3085,140,121.84,110.2933,67.1098,68.49539,80.15407,83.70346,66.17706,67.87583,72.65253,73.93447,69.74007,70.96609,71.58179,71.42881,67.77249,66.86086,101.23,5,89,64.76,61.88
COLD,104.52,140,109.24,140,67.83803,68.33198,69.49478,70.13222,68.13996,67.70522,68.58278,68.88705,70.56638,70.47226,71.35052,70.40337,69.12512,68.82592,99.29,17,94,68,65.48
COLD,104.52,137.7531,122.8933,117.9167,59.68011,63.17449,62.95561,63.64187,59.99395,62.80952,63.90886,63.57819,71.30569,71.58279,71.92204,71.47073,61.68699,62.32035,99.47,22,64,62.06,61.16
COLD,140,140,100,119.48,44.80079,44.35878,59.93538,56.30258,44.50324,43.0519,45.45503,54.66781,68.66401,68.99088,70.46035,70.2709,47.57994,45.65133,100.1,22,60,48.2,46.22
HOT,128.5757,100,100,138.0368,47.59231,59.43232,65.68906,51.545,46.04517,47.4663,50.6638,50.7729,70.146,70.15115,71.5492,73.27915,49.55442,48.19113,100.06,26,53,51.8,48.2
COLD,140,140,140,140,53.74682,54.24646,54.01995,56.37148,52.84362,53.9488,54.03297,54.81349,68.19057,67.53687,68.62959,69.08382,54.57948,53.36529,100.14,13,94,55.58,54.68
COLD,140,140,136.6199,140,53.44947,53.9327,54.04823,55.43143,53.74682,54.24646,54.01995,56.37148,68.75741,68.13142,69.14521,69.57548,54.57948,54.57948,100.04,11,96,55.4,54.68
COLD,140,140,120.2722,140,53.44947,54.24265,54.64581,56.03323,53.44947,53.9327,54.04823,55.43143,69.1529,68.48493,69.47701,69.97861,54.57584,54.57948,99.97,28,96,56.48,55.22
COLD,140,140,116.0339,140,53.75147,54.56366,54.64581,56.03323,53.44947,53.9327,54.04823,55.43143,69.1988,68.5406,69.53228,70.06692,54.57584,54.57948,99.97,28,96,56.48,55.22
COLD,140,140,108.4225,140,54.04954,54.56366,54.95041,56.03323,53.44947,53.9327,54.04823,55.72867,69.21407,68.61268,69.67203,70.14346,55.184,54.26501,99.97,28,96,56.48,55.22
COLD,140,140,100.3781,140,54.04954,54.25696,54.64315,56.03323,53.44947,54.24265,54.64581,56.03323,69.28973,68.73929,69.73405,70.24826,55.184,54.57584,99.94,28,91,56.84,55.04
COLD,140,139.7659,101.3297,140,52.80257,53.62746,53.98928,55.73228,53.75147,54.56366,54.95041,56.03323,69.33191,68.83889,69.8595,70.31025,54.56751,55.184,99.94,28,91,56.84,55.04
COLD,140,140,140,140,38.64931,38.20837,38.90176,40.82227,38.64931,37.27903,38.28822,40.22198,64.31408,64.81843,66.42004,66.58105,40.36976,40.39582,101.14,28,71,40.1,39.56
COLD,140,140,140,140,38.64931,38.20837,38.90176,40.82227,38.64931,37.27903,38.28822,40.22198,64.31408,64.81843,66.42004,66.58105,40.36976,40.39582,101.19,32,71,40.46,39.74
COLD,140,140,140,140,38.64931,38.51909,39.22523,41.49492,38.64931,37.27903,38.28822,40.52022,64.4089,64.97063,66.50454,66.70396,40.68839,40.06273,101.19,32,71,40.46,39.74
COLD,140,140,140,140,40.04226,38.85367,39.55923,42.14198,38.64931,37.27903,37.98811,40.52022,64.48071,65.06222,66.60465,66.74985,40.68839,40.06273,101.19,32,71,40.46,39.74
COLD,140,140,140,140,40.04226,38.85367,39.55923,42.14198,38.64931,37.27903,37.98811,40.52022,64.48071,65.06222,66.60465,66.74985,40.68839,40.06273,101.19,32,71,40.46,39.74
COLD,140,140,140,140,49.71889,39.77375,42.79353,45.69286,38.64931,37.58813,38.59099,40.52022,64.63613,65.27366,67.01825,67.00441,41.63634,40.36976,101.19,32,71,40.46,39.74
COLD,140,140,140,140,49.71889,39.77375,42.79353,45.69286,38.64931,37.58813,38.59099,40.52022,64.63613,65.27366,67.01825,67.00441,41.63634,40.36976,101.19,32,71,40.46,39.74
COLD,140,140,140,140,49.71889,39.77375,42.79353,45.69286,38.64931,37.58813,38.59099,40.52022,64.63613,65.27366,67.01825,67.00441,41.63634,40.36976,101.19,32,71,40.46,39.74
COLD,140,140,140,140,52.22525,40.08635,41.09634,44.08715,38.64931,38.20837,38.90176,41.13205,64.89761,65.57409,67.2823,67.23999,41.63634,40.36976,101.2,28,65,42.44,40.1
COLD,140,140,140,140,52.22525,40.08635,41.09634,44.08715,38.64931,38.20837,38.90176,41.13205,64.89761,65.57409,67.2823,67.23999,41.63634,40.36976,101.2,28,65,42.44,40.1
COLD,140,140,140,140,50.61087,41.01049,42.09561,44.76944,40.04226,38.85367,39.55923,42.14198,65.0981,65.78561,67.33972,67.4465,41.63634,40.68839,101.2,28,65,42.44,40.1
COLD,140,140,140,140,52.68206,42.34119,52.28711,53.08859,49.71889,39.77375,42.79353,45.69286,65.29746,65.96899,67.53309,67.89871,42.66245,41.63634,101.2,28,65,42.44,40.1
COLD,140,140,140,140,52.68206,42.34119,52.28711,53.08859,49.71889,39.77375,42.79353,45.69286,65.29746,65.96899,67.53309,67.89871,42.66245,41.63634,101.2,28,65,42.44,40.1
COLD,140,140,140,140,52.68206,42.34119,52.28711,53.08859,49.71889,39.77375,42.79353,45.69286,65.29746,65.96899,67.53309,67.89871,42.66245,41.63634,101.2,28,65,42.44,40.1
COLD,140,140,140,140,46.93477,41.71253,52.07133,54.27711,52.22525,40.08635,41.09634,44.08715,65.49084,66.15482,67.8393,68.2844,42.66245,41.63634,101.1,35,56,45.14,42.26
COLD,140,140,140,140,45.54848,41.3826,50.81644,56.02121,51.57273,40.08635,40.79701,43.77812,65.77846,66.39518,68.14918,68.71687,43.60829,41.63634,101.1,35,56,45.14,42.26
COLD,140,140,140,140,45.54848,41.3826,50.81644,56.02121,51.57273,40.08635,40.79701,43.77812,65.77846,66.39518,68.14918,68.71687,43.60829,41.63634,101.1,35,56,45.14,42.26
COLD,140,140,140,140,44.89984,41.3826,54.62544,57.48785,52.69658,41.63442,44.63048,46.4925,66.82122,67.42529,68.98114,70.24183,43.60829,41.63634,101.1,35,56,45.14,42.26
COLD,140,140,140,140,43.21329,41.3826,55.00764,58.13414,52.68206,42.34119,52.28711,53.08859,66.89477,67.39034,69.23614,70.68586,44.51012,42.66245,101.1,35,56,45.14,42.26
COLD,140,140,140,140,43.19331,43.85893,59.56879,47.69814,43.21329,41.3826,55.00764,58.13414,67.37357,67.73405,69.85562,72.52613,46.04559,44.51012,101.02,34,56,46.58,44.24
COLD,140,140,126.4932,140,46.63701,58.99973,66.02641,50.84597,43.81135,44.91142,60.71772,48.3278,69.39741,68.8689,70.49259,73.27185,48.98425,46.04559,100.88,35,52,48.74,46.22
COLD,140,140,100,140,47.25404,63.08101,66.26974,52.47119,46.01701,55.55445,62.96159,49.91593,70.74964,69.2902,70.58187,72.96652,49.31597,47.67595,100.73,26,51,51.44,48.56
HOT,130.0458,100,100,103.9999,46.52113,42.52884,42.22701,42.87331,41.52657,45.23732,45.63841,44.65633,71.42649,70.02814,71.64629,72.93551,41.91314,43.31497,100.91,26,69,44.78,40.64
COLD,100,100,100,100,36.88139,40.96058,45.04393,45.46058,35.66882,37.92156,42.74376,47.08836,71.56786,71.06323,71.84129,71.20538,38.73825,38.57767,102.23,11,69,38.48,37.22
COLD,118.0234,111.9144,100,100,38.11468,42.97989,44.31812,46.02892,36.88139,40.21025,42.57557,45.14846,69.89123,69.69816,71.24923,70.72837,40.32014,39.64395,102.22,15,61,40.82,38.12
COLD,140,107.5894,100,100,44.90565,66.2091,52.77158,49.61665,43.67246,64.74805,56.36126,47.65247,72.6509,69.2963,70.28461,72.03005,46.09159,44.84932,101.87,21,59,46.76,44.78
HOT,136.2241,100,100,115.52,45.92778,45.1792,46.51573,56.38034,58.3302,42.99033,44.96444,45.57549,71.0467,69.62281,71.0025,71.75957,45.47009,44.84604,101.04,18,75,45.14,43.52
COLD,140,140,140,140,42.104,42.20111,42.69949,45.25515,41.49977,41.87686,42.05719,44.5806,66.65612,65.51201,66.73229,68.13831,43.02499,42.39993,100.93,4,81,41.36,40.64
COLD,140,140,140,140,42.104,42.20111,42.69949,45.25515,41.49977,41.87686,42.05719,44.5806,66.65612,65.51201,66.73229,68.13831,43.02499,42.39993,100.93,4,81,41.36,40.64
COLD,140,140,140,134.2401,42.104,42.81828,43.3056,45.56018,41.49977,41.56831,42.37004,44.28358,68.42144,66.9526,68.28593,70.01646,43.03524,42.72111,100.95,5,76,42.08,40.64
COLD,140,140,140,100,46.73693,49.32322,70.10659,59.4287,44.56085,48.37197,63.30777,60.89158,70.32684,69.92683,70.28263,71.7616,49.53006,45.91748,100.86,17,63,47.3,44.78
COLD,140,140,140,100,46.73693,49.32322,70.10659,59.4287,44.56085,48.37197,63.30777,60.89158,70.32684,69.92683,70.28263,71.7616,49.53006,45.91748,100.86,17,63,47.3,44.78
COLD,140,140,140,100,46.73693,49.32322,70.10659,59.4287,44.56085,48.37197,63.30777,60.89158,70.32684,69.92683,70.28263,71.7616,49.53006,45.91748,100.86,17,63,47.3,44.78
COLD,140,140,140,100,46.73693,49.62502,70.89865,55.06915,45.17815,49.64148,59.44457,60.5093,70.33633,69.99245,70.26772,71.99114,50.45835,47.19673,100.86,17,63,47.3,44.78
COLD,140,140,140,100,48.23973,63.23876,68.4822,51.13926,46.43802,48.99526,69.09793,52.43181,69.64021,69.57597,69.64688,72.00478,49.70283,48.71581,100.83,15,61,48.02,45.86
COLD,140,140,140,100,48.85756,55.29052,54.82791,53.45801,48.85756,66.28907,71.08597,51.46178,71.12517,70.67467,70.04633,71.19152,49.70799,49.70283,100.76,9,51,50.18,48.02
COLD,140,140,140,100,49.16225,53.90255,52.79522,52.11724,48.85756,54.61895,53.74459,53.14327,71.88486,71.12421,70.55262,70.86182,49.70799,49.70799,100.7,8,62,48.74,47.48
HOT,140,140,140,100,43.50574,45.64962,45.71357,48.37857,51.71236,47.85919,48.2428,49.53246,73.96836,72.16171,73.14121,74.71777,46.11728,47.67955,100.42,15,91,43.88,42.26
HOT,140,140,140,100,43.50574,45.64962,46.02156,48.0291,51.71236,47.85919,48.2428,49.22613,73.41973,71.99737,72.39165,73.68661,45.11131,47.97756,100.42,15,91,43.88,42.26
HOT,140,140,140,100,43.50574,45.94706,46.02156,48.99367,54.30485,47.55931,47.93589,49.22613,72.76411,71.86768,71.3446,72.39631,45.11131,47.97756,100.42,13,85,45.68,43.16
HOT,140,140,140,100,44.41249,49.09777,50.39915,53.70238,43.50574,45.94706,46.02156,48.71869,72.32236,72.20181,70.76102,71.52177,46.97786,45.43479,100.5,8,83,46.76,45.5
HOT,140,140,140,100,45.99775,50.3517,51.44572,53.81506,44.11393,47.1819,53.50547,59.19661,72.28672,72.33538,70.81324,71.49406,47.6018,46.97786,100.5,8,83,46.76,45.5
HOT,140,140,140,100,45.99775,49.38942,50.45995,52.8884,44.11393,48.10929,51.68425,55.39527,72.33964,72.43574,70.81531,71.56375,47.6018,46.97786,100.49,9,86,47.3,44.24
COLD,140,140,140,100,47.52563,48.32399,48.74717,51.41424,47.21756,50.75608,54.57494,57.42918,72.36526,72.60274,70.92181,71.79938,49.25767,47.6018,100.58,13,87,47.48,45.14
HOT,140,140,140,100,45.63519,50.1414,51.72807,49.89275,47.52563,48.32399,48.74717,51.41424,72.33169,72.54433,70.7976,71.61359,46.636,49.25767,100.54,9,81,47.3,44.42
COLD,140,140,140,100,45.94923,55.49716,57.05321,50.89089,46.89104,47.26084,48.4168,49.87825,72.42648,72.5379,70.86031,71.88168,47.91743,47.3217,100.54,9,81,47.3,44.42
HOT,140,140,140,100,45.94923,55.49716,57.05321,50.89089,46.89104,47.26084,48.4168,49.87825,72.42648,72.5379,70.86031,71.88168,47.91743,47.3217,100.54,9,81,47.3,44.42
COLD,140,140,140,100,47.50702,49.19798,51.25302,51.11198,46.89222,56.91095,57.74812,52.53113,72.69543,72.11998,71.03742,72.17587,48.50737,47.91743,100.58,22,79,50,48.02
HOT,140,140,140,100,36.80901,37.18234,38.40046,54.5135,39.7533,36.4586,38.0355,39.68967,70.97861,69.76322,70.56564,71.17941,37.52879,38.55488,101.61,17,76,39.2,37.22
HOT,140,140,140,100,39.57951,42.60009,49.41514,49.2802,38.34383,40.8138,52.03134,53.59872,73.30573,72.17087,73.01499,74.08242,40.34771,40.70909,101.72,21,63,42.44,40.46
HOT,140,140,140,100,40.17658,45.41796,48.05291,47.58834,39.57951,45.03258,49.04139,48.80174,73.48575,72.32473,73.45776,74.33002,41.52385,40.88953,101.7,22,59,43.7,42.62
COLD,140,140,140,100,40.47799,50.22236,53.62444,46.9327,39.87727,45.40987,51.46307,49.22831,73.68395,72.42471,73.52007,74.47149,41.28794,42.16188,101.7,22,59,43.7,42.62
HOT,140,140,140,100,40.47799,47.81362,50.46444,46.57804,40.17658,45.41796,48.05291,47.58834,73.84513,72.54018,73.71333,74.75306,42.21259,41.52385,101.71,21,61,43.16,42.44
HOT,140,140,140,100,40.46112,42.23502,44.12069,44.48035,40.76605,44.1228,45.54866,45.76876,72.15244,71.82993,70.96017,71.60989,41.10187,41.42278,101.69,26,61,42.44,41.54
HOT,140,140,140,100,37.49263,38.29595,39.06829,40.67052,37.49263,37.35749,38.4254,40.34172,72.39004,71.40235,72.27549,73.13383,39.13716,38.4892,101.57,9,74,38.3,37.76
HOT,90,90,90,100,41.59224,41.9645,43.09504,44.81108,40.99192,40.44954,40.89921,43.24921,75.04781,72.77792,73.05966,74.20889,42.63214,42.03104,99.9,21,82,42.98,41.18
HOT,90,90,90,100,41.59224,42.264,43.09504,44.81108,40.99192,40.44954,41.2026,43.24921,75.06976,72.89185,73.0165,73.61935,42.63214,42.03104,99.97,26,73,42.98,42.8
COLD,90,90,90,100,46.46589,53.93194,52.03818,49.98314,44.93752,54.76838,53.68651,48.67919,74.05085,71.67881,70.43569,71.29182,47.06497,46.09184,100.15,35,49,49.46,48.02
HOT,140,140,140,100,40.01212,38.66887,38.79617,47.33844,40.00881,38.05197,37.85138,40.20301,72.90675,70.86367,72.11965,73.32495,40.40843,40.10965,101,4,81,35.96,33.62
HOT,140,140,140,100,40.31339,38.9676,39.12392,50.89403,40.00881,38.05197,37.85138,40.20301,73.52818,71.01105,72.50113,73.9777,40.40843,40.10965,101.06,8,79,37.4,33.62
COLD,140,140,140,106.2061,46.21883,52.12376,70.46339,51.56296,44.9948,46.1148,65.73839,54.96465,71.53136,71.20771,72.31496,74.10651,48.57016,47.22778,101.04,15,74,48.02,45.32
HOT,90,90,90,114.5093,46.85699,69.46265,69.66638,50.95213,45.91523,69.49426,74.25397,50.59992,74.81562,71.99944,72.22848,73.76617,47.97678,48.22998,100.96,11,67,48.2,47.12
COLD,90,90,90,113.4714,49.29253,71.29678,59.85392,52.86332,48.3765,71.86255,69.61172,51.92839,75.46066,71.37909,71.83704,74.1526,49.54825,48.9324,100.9,9,71,50,47.84
HOT,140,140,140,100,48.61158,47.38589,46.8976,47.94921,52.12911,47.68574,47.19907,47.3653,74.54197,72.4224,73.38476,75.50656,47.09911,47.09911,99.92,17,95,47.84,47.3
HOT,140,140,140,100,47.26519,47.69832,47.83624,48.92762,51.18016,47.38589,47.19907,48.32132,73.7555,71.70049,72.09335,74.10658,47.42426,47.09911,99.92,17,95,47.84,47.3
COLD,140,140,140,100,47.26519,47.69832,47.83624,48.92762,51.18016,47.38589,47.19907,48.32132,73.7555,71.70049,72.09335,74.10658,47.42426,47.09911,99.92,17,95,47.84,47.3
HOT,140,140,140,100,47.58308,48.32989,48.13342,49.55707,48.61158,47.38589,46.8976,47.94921,73.58306,71.67495,71.93857,73.46722,47.42426,47.09911,99.93,9,96,47.3,46.76
HOT,140,140,140,100,48.81667,49.64667,49.06988,50.97926,47.26519,47.38589,46.58769,47.63139,73.36866,71.68314,71.73115,72.42331,48.34522,46.79065,99.93,9,96,47.3,46.76
COLD,140,140,140,100,50.06053,50.26144,50.6504,51.937,48.81667,49.64667,49.06988,50.97926,71.79794,71.24225,71.91788,71.32403,50.21147,48.34522,99.83,13,97,48.02,47.12
COLD,140,140,140,100,50.36226,50.27816,50.99433,52.26056,50.06053,49.95657,50.31332,51.937,71.59155,70.72351,71.1412,71.18867,50.53052,49.91285,99.77,4,98,48.38,47.66
COLD,140,140,140,100,50.96178,50.89455,51.91181,52.56036,50.36226,50.27816,50.99433,52.26056,71.31499,70.61134,70.87901,71.39966,51.45519,50.53052,99.74,4,98,50.18,48.38
HOT,140,140,140,100,54.93549,55.64351,55.64585,56.62596,54.32157,55.01965,55.3414,56.62596,72.08963,71.58306,71.15746,71.49268,55.24866,54.6344,99.78,5,97,50.9,50
HOT,140,140,140,100,54.93549,55.64351,55.64585,56.62596,54.32157,55.01965,55.3414,56.62596,72.08963,71.58306,71.15746,71.49268,55.24866,54.6344,99.78,5,97,50.9,50
HOT,140,140,140,100,44.62064,46.88333,45.81576,48.09163,46.47294,48.33862,46.43977,50.66043,73.27902,72.58233,71.38612,71.51855,45.8186,46.74857,100.4,9,91,46.4,45.14
HOT,140,140,140,100,44.62064,46.88333,45.81576,48.09163,46.47294,48.33862,46.43977,50.66043,73.27902,72.58233,71.38612,71.51855,45.8186,46.74857,100.4,9,91,46.4,45.14
HOT,140,140,140,100,45.5215,46.66415,44.88212,47.98192,45.5215,47.00719,45.83944,48.99355,73.06611,71.47041,71.57523,71.42542,46.71054,46.71054,100.15,5,96,46.22,45.68
HOT,140,140,140,100,42.0152,40.48961,40.25932,41.28092,43.26788,40.79884,40.5871,42.19999,72.0473,70.78463,71.84634,72.1115,40.29557,41.21627,99.44,22,89,41.36,41.18
HOT,140,140,140,100,43.0401,40.18642,40.25932,40.94913,42.56971,40.79884,40.25932,41.59563,72.35752,71.15008,73.15661,72.25188,40.29557,41.21627,99.47,15,91,41.18,40.64
COLD,140,140,140,100,40.91617,43.98598,43.5004,46.87214,39.70424,44.96197,44.14036,47.51677,71.54856,70.82766,71.45428,72.12624,42.41215,42.41215,99.69,5,89,42.62,42.08
HOT,140,140,140,100,50.63024,51.32974,52.39097,53.78775,50.32108,51.00928,52.08062,53.48783,71.33188,72.84689,74.60804,72.9609,51.38015,51.07823,100.81,9,89,50.36,49.82
COLD,140,140,140,100,51.2249,54.32441,53.05266,54.11159,50.63024,51.62692,52.39097,53.78775,71.54613,73.16819,71.98144,73.04188,51.69518,51.07823,100.79,0,92,50.36,49.46
HOT,140,140,140,100,52.12889,53.60157,53.9844,55.34698,50.63024,51.04324,52.11563,53.48617,71.26221,72.36996,71.58786,73.2131,52.31318,51.38015,100.75,9,92,51.08,49.82
HOT,140,140,140,100,52.4445,53.94037,54.28872,55.64762,50.92752,52.05569,52.43477,53.79602,71.14441,72.02327,71.5648,73.30013,52.92214,51.69518,100.75,9,92,51.08,49.82
HOT,140,140,140,122.3981,55.31232,48.12466,47.70842,47.78326,53.9819,47.83467,47.68278,47.78822,70.95374,70.30096,70.29821,74.14771,47.77429,48.08328,99.15,30,96,48.38,47.3
HOT,140,140,140,100,51.63251,48.43398,48.01958,48.40677,55.67503,47.50321,47.70842,47.76905,72.46217,70.93868,71.32687,73.36005,47.77429,47.77429,99.14,17,96,48.56,48.02
HOT,140,140,140,109.1119,51.3273,48.43398,48.34809,48.75086,56.01949,47.82547,47.70842,47.78326,72.7557,71.02245,70.7564,71.67504,48.08545,47.77429,99.14,17,96,48.56,48.02
HOT,140,140,140,109.1119,49.42854,49.03514,49.28202,50.40658,51.3273,48.43398,48.34809,48.75086,73.36176,71.47611,70.45078,71.66245,48.3887,48.08545,99.05,17,97,48.2,48.02
COLD,140,140,140,101.0159,50.03112,50.6048,50.53747,51.04854,51.3273,48.73507,48.65536,49.39724,73.36497,71.7449,70.41168,71.74687,49.02168,48.08545,99.03,13,97,49.82,48.02
COLD,140,140,140,101.0159,50.34207,50.6048,50.53747,51.37308,50.41463,48.73507,48.65536,49.39724,73.3838,71.80196,70.48188,71.79382,50.60662,48.3887,99.03,13,97,49.82,48.02
COLD,140,140,140,100,50.34207,50.6048,50.84047,51.37308,49.42854,49.03514,49.28202,50.40658,73.46194,71.87177,70.52506,71.8324,50.60662,48.3887,99.03,13,97,49.82,48.02
HOT,140,140,140,100,56.35404,64.23196,67.20313,57.76986,51.58317,58.25501,60.80794,54.27028,74.00437,72.97527,71.29187,73.38371,58.22612,54.10052,98.87,54,63,59.18,55.04
COLD,140,140,140,100,44.92042,43.20929,44.16255,45.7026,45.53197,43.52206,44.80126,46.00092,70.3598,70.76533,70.75219,70.58508,44.69464,44.71539,100.52,34,65,44.96,44.06
COLD,140,140,140,100,46.65899,39.88832,40.39737,42.82516,45.54906,39.58886,40.40369,42.45477,72.00963,70.48077,71.92747,71.93933,41.8144,41.51549,101.47,26,70,41.54,41.36
COLD,140,140,140,100.3247,40.93554,44.12037,45.13147,45.7655,39.71797,41.10806,42.57475,43.09705,70.84302,69.97712,70.59202,71.39634,42.15279,41.77859,101.65,28,54,43.7,41
HOT,140,140,140,100,37.76564,37.9387,35.35991,35.14637,39.61176,39.45477,36.9385,37.76905,71.66342,70.74835,71.84977,71.23779,36.65651,38.86885,101.02,24,91,38.66,37.04
COLD,140,140,140,100,36.86704,37.03296,35.03219,35.16158,37.46707,37.6414,35.35991,35.16702,71.24051,69.97015,70.24053,70.98563,36.35865,36.34285,100.8,26,92,37.4,36.5
HOT,140.8389,140,140,117.4152,39.14883,44.72268,50.54008,48.0292,39.7599,40.54172,52.90697,48.8927,71.25778,72.27149,70.4512,70.64144,40.42231,41.70073,101.69,9,63,40.82,39.38
HOT,140.0848,140,140,152.4855,32.54251,37.76709,38.20815,39.96935,33.45651,37.86993,38.20687,38.39885,72.10722,72.52723,71.21362,71.86126,34.14993,35.24147,101.07,26,69,35.24,34.16
HOT,140.0848,140,140,153.2057,32.22634,34.6866,35.94608,37.03831,32.2296,37.5864,37.82041,37.5232,72.05454,72.58959,72.57952,72.34418,32.75785,34.14993,101.07,22,64,34.7,33.08
COLD,143.54,140,140,146.9474,34.964,26.46667,27.79645,29.84353,40.2781,25.84951,26.88363,28.9176,71.61718,72.82921,71.96677,71.35172,28.06341,27.7542,102.17,22,62,28.4,27.86
HOT,140,140,140,146.6537,33.41846,28.36762,30.35039,32.20094,34.964,26.46667,27.79645,29.84353,71.66846,72.7355,71.93217,71.48669,29.29354,28.06341,102.29,26,55,29.12,28.4
HOT,140,140,140,146.867,33.03519,29.00512,31.32652,32.89576,34.03802,26.77084,28.39548,30.50595,71.64272,72.75199,71.95524,71.53317,29.93504,28.37957,102.29,26,55,29.12,28.4
HOT,140,140,140,146.867,33.03519,29.00512,31.32652,32.89576,34.03802,26.77084,28.39548,30.50595,71.64272,72.75199,71.95524,71.53317,29.93504,28.37957,102.29,26,55,29.12,28.4
COLD,140,156.1584,140,146.4903,28.98541,32.24018,31.85588,34.33504,33.03519,29.00512,31.32652,32.89576,72.35427,72.67004,71.85721,71.47757,29.79773,29.93504,102.35,22,52,30.56,29.12
HOT,140,100,140,145.7808,30.5316,38.51842,38.18986,36.5946,29.90854,34.98818,37.3423,35.49069,72.53865,72.64608,72.01293,72.07455,32.00884,30.14188,102.41,18,53,32.54,30.02
COLD,140,100,140,145.9135,30.53763,39.03692,39.70951,34.55119,30.20929,40.30339,40.15176,36.69395,72.66998,72.64191,72.06161,71.79516,30.96474,31.13764,102.41,13,53,32.9,31.46
HOT,140,100,140,145.3424,30.84791,41.84537,39.05698,35.33399,30.5316,37.8136,37.8182,35.59777,72.86594,72.67927,72.13657,71.82039,32.52737,32.00884,102.41,13,53,32.9,31.46
HOT,140,100,140,145.3422,30.85026,40.26766,39.20411,34.31885,30.84791,42.69631,40.22511,35.64164,72.64944,72.59745,71.92033,71.70539,32.20845,32.52737,102.39,22,50,34.52,31.46
COLD,140,145.588,140,145.2139,32.71638,34.43809,31.79627,31.73322,32.11466,33.16016,30.85579,30.74777,72.60989,72.75429,71.85974,71.48943,31.69077,31.06216,101.73,24,62,33.98,32.9
COLD,140.0919,144.9134,140.0919,144.4615,37.41167,34.10278,34.89498,36.69313,38.63834,35.14888,35.50219,36.62535,72.93176,72.81912,72.06013,72.501,35.32836,35.33911,99.74,26,96,36.14,35.24
COLD,140.0919,144.4356,140,144.7539,36.1918,33.10113,33.98249,35.73774,38.03135,34.75546,34.89498,36.69313,72.73179,72.53337,71.77469,72.45705,34.69775,35.63882,99.74,26,95,35.6,34.52
HOT,140.0919,143.9597,140,144.6013,36.1918,33.39252,33.96837,35.79161,36.1918,33.11769,33.98249,36.36966,72.83802,72.57757,71.82987,72.5163,34.98433,34.05621,99.73,34,94,35.06,34.34
COLD,140.0919,143.5558,140,144.1721,37.11544,34.92753,35.51216,37.96772,35.89353,34.29941,34.91853,37.35273,72.85926,72.5379,72.0307,72.57761,36.57041,35.6142,99.68,28,87,36.5,35.96
HOT,140.0919,143.1666,140,143.8785,37.73345,36.24357,37.74069,39.22802,36.81758,36.55185,37.12602,38.59547,72.75713,72.66132,72.61426,72.71031,37.5155,36.61325,99.71,32,79,38.12,37.76
HOT,140.0919,143.5512,140,144.4161,36.52837,34.39735,35.81453,37.37952,37.43542,35.62169,37.0984,38.30722,72.5973,72.46188,72.89638,72.62154,35.93633,36.86734,99.88,32,80,37.22,36.5
HOT,153.8342,153.8342,143.9197,146.4652,36.42412,30.7722,37.19193,36.29629,36.54659,30.13918,31.22615,32.93418,71.89364,71.81709,72.48313,72.40887,32.7073,32.9961,101.11,8,77,31.28,30.38
HOT,153.8342,153.8342,143.9197,146.4652,36.42412,30.7722,37.19193,36.29629,36.54659,30.13918,31.22615,32.93418,71.89364,71.81709,72.48313,72.40887,32.7073,32.9961,101.11,8,77,31.28,30.38
HOT,151.7922,151.7922,140.4009,145.0431,33.16486,33.3082,40.5727,38.88527,36.7307,30.15962,35.47915,36.33131,71.96217,72.00704,72.03958,72.63174,34.96166,32.7073,101.11,11,77,33.08,31.46
HOT,140.3353,144.6091,140.0943,143.83,35.32083,38.50685,64.22775,40.67926,34.0935,35.60956,51.78106,48.72149,72.8548,72.64355,72.07967,74.59467,37.67174,34.6535,101.01,13,72,36.14,33.8
HOT,140.3353,144.6091,140.0943,143.83,35.32083,38.50685,64.22775,40.67926,34.0935,35.60956,51.78106,48.72149,72.8548,72.64355,72.07967,74.59467,37.67174,34.6535,101.01,13,72,36.14,33.8
HOT,140.0767,143.0205,140.0943,143.4171,35.91755,51.56047,56.91243,41.9031,35.31363,52.05944,63.01549,41.26433,72.742,72.47477,72.17123,73.50526,38.61969,38.01165,100.84,11,62,38.12,37.22
HOT,140.0767,143.1485,140.0943,143.7348,36.22294,50.83176,52.35441,41.60498,35.31363,51.12949,60.02735,41.26433,72.77934,72.52971,72.05013,73.32682,38.2788,38.31079,100.84,11,62,38.12,37.22
HOT,140.0767,143.1485,140.0943,143.7348,36.22294,50.83176,52.35441,41.60498,35.31363,51.12949,60.02735,41.26433,72.77934,72.52971,72.05013,73.32682,38.2788,38.31079,100.84,11,62,38.12,37.22
COLD,140.0767,142.7483,140.0943,143.4465,36.52828,50.25891,48.16103,41.62863,36.22205,45.12598,44.88443,41.62176,73.1196,72.59294,72.00672,72.96574,38.90608,37.62793,100.72,9,61,38.84,37.4
HOT,140.0767,142.8252,140.0943,143.4243,37.139,49.03816,43.98939,41.28833,36.52828,50.25891,48.16103,41.62863,73.1213,72.55779,71.91158,73.07748,38.59591,38.90608,100.68,9,59,38.84,37.76
HOT,140,145.1517,140,146.2541,32.60271,30.47648,32.71494,33.92579,33.21189,31.1369,33.08485,33.64072,72.70267,72.55882,71.90005,72.41536,30.53694,31.32261,100.62,18,77,31.82,31.28
HOT,140,144.8604,140,146.0442,31.99192,31.12451,43.69167,34.46531,32.3029,31.14638,33.97705,34.37246,72.82522,72.57527,72.15467,73.38474,31.19025,30.24068,100.75,22,71,32,30.56
HOT,140,143.867,140,145.1588,35.10005,47.91106,47.21876,36.2479,34.80049,44.56028,44.03804,35.3046,73.33209,72.66705,72.04856,73.29058,33.3944,34.06121,100.75,32,52,35.6,33.08
HOT,140.1127,144.7341,142.9326,145.2885,34.55219,30.32511,31.89728,32.95537,36.15733,33.82076,35.08226,36.25277,72.38664,72.54705,71.92899,72.45815,32.07651,34.3063,100.51,39,67,36.32,32.9
HOT,140,144.9506,143.1369,145.7527,33.64698,28.7501,40.12212,38.43686,34.55219,30.02316,31.89728,32.63935,72.40649,72.56802,71.9577,72.58305,30.84126,32.07651,100.66,37,57,32.72,32.18
HOT,140,145.5866,143.4885,146.4917,30.48987,25.95296,39.3898,29.14081,31.78594,27.53061,40.29339,37.09404,72.53568,72.51855,72.37607,74.43266,28.69397,30.44969,100.95,43,48,31.1,28.76
HOT,140,145.7271,140,146.3975,30.79248,29.55582,41.69811,30.12958,32.09547,27.1759,41.02602,31.73005,72.47923,72.50134,72.47122,74.54131,28.69397,30.44969,101.05,35,42,29.48,28.04
HOT,140,145.7959,140,146.9745,30.46493,33.73372,37.1175,29.29806,30.48987,26.25088,41.44397,29.48723,72.39767,72.43894,72.51163,73.92169,27.5498,28.69397,101.18,28,39,28.76,25.34
HOT,140,145.7959,140,146.9745,30.46493,33.73372,37.1175,29.29806,30.48987,26.25088,41.44397,29.48723,72.39767,72.43894,72.51163,73.92169,27.5498,28.69397,101.18,28,39,28.76,25.34
HOT,140,145.6077,140,147.5199,28.8179,37.29419,28.66704,25.44608,29.76848,40.04514,38.03923,26.68268,74.12097,72.48518,72.05612,72.91165,24.96055,26.24553,101.42,30,31,26.78,24.62
HOT,140,146.2563,140,148.2866,27.72884,42.38017,34.24222,26.53815,29.73269,39.71319,37.84671,26.38326,74.08758,72.48925,72.03305,72.98396,23.32627,25.58761,101.42,30,31,26.78,24.62
HOT,140,146.4218,140,148.1166,27.38706,36.39556,28.60426,24.852,28.8179,37.29419,28.66704,25.44608,73.31924,72.49598,71.92236,72.91277,22.15399,24.96055,101.56,18,42,24.98,23.54
HOT,140,146.743,140,148.8265,25.65317,26.04769,24.60598,24.19606,26.05806,42.505,32.54239,25.87696,72.617,72.47318,71.85502,72.64693,22.2979,23.32627,101.69,22,39,23.36,21.02
HOT,140,146.5806,140,148.3256,25.33702,22.3367,23.22666,23.21687,26.10117,42.29521,31.49727,25.16004,72.57409,72.46928,71.80889,72.4001,22.2684,22.15399,101.69,22,39,23.36,21.02
HOT,141.6644,149.269,140,151.0804,20.58481,17.22223,33.55409,35.4288,21.4911,14.53427,27.93799,19.43358,72.52793,72.39505,72.04087,72.41355,17.04572,16.95424,102.78,18,53,17.24,15.98
HOT,140,147.84,140,148.7236,17.64776,35.95718,36.28104,25.93548,16.13843,19.75611,37.17673,22.80163,72.68501,72.43356,71.71545,74.05633,21.91991,18.89223,102.73,9,40,21.2,18.86
HOT,140,145.7579,140,148.1627,19.47992,45.10208,38.26894,26.10665,18.26266,39.3941,39.44991,26.0381,73.51623,72.56513,71.73852,72.605,24.59743,21.93892,102.68,5,34,22.64,20.48
HOT,140,144.6955,141.368,144.9732,31.23569,45.97274,56.69048,35.31959,29.7039,34.15013,47.59294,36.81129,72.5322,72.60981,71.8216,73.34902,32.53162,31.2784,101.62,17,55,33.62,31.28
HOT,141.3946,142.9352,140.7794,142.9352,44.62153,39.06749,39.28769,39.51704,43.36577,38.76203,38.98462,39.20975,72.59487,72.41578,71.84747,72.17896,40.22456,40.22456,99.07,35,96,40.64,40.28
COLD,140.0607,142.6498,140,142.8497,43.71404,40.28419,40.188,40.45618,43.40615,39.98112,39.88555,40.15298,72.78704,72.46335,72.03861,71.91332,40.5094,40.21106,98.77,35,96,41.36,40.82
HOT,140.0607,141.8227,140,142.2093,42.87111,43.38337,43.28531,45.00708,41.34133,42.13264,42.04733,42.36899,72.70722,72.53806,71.54795,71.91334,43.2496,42.04777,98.62,8,96,43.16,42.26
HOT,140.0607,141.6732,140,142.0971,42.87111,42.46196,43.28531,44.3807,41.65031,42.45182,42.04733,43.71931,72.48126,72.50294,71.51913,72.14774,43.2496,42.04777,98.65,22,96,43.7,42.26
HOT,140.611,144.4199,143.3216,145.0125,36.68588,31.89362,33.56516,34.32661,34.0597,32.50082,34.16967,34.93811,72.87141,72.84756,71.76434,72.25742,34.16945,34.47909,99.07,28,76,34.7,34.16
HOT,140,143.9292,140,144.3131,33.47918,34.05524,35.80282,36.42353,36.39407,34.70999,36.33623,36.37725,72.336,72.45316,71.67935,71.90965,35.12045,34.79402,99.13,39,70,36.14,35.24
HOT,140,143.9287,140,144.4939,33.18077,34.04208,36.12364,36.11014,33.79094,34.05524,36.11043,36.72101,72.34841,72.47355,71.60732,72.06588,34.796,35.12045,99.13,37,70,35.78,35.06
COLD,141.4437,144.9509,140,145.5305,30.54675,30.24128,31.72717,32.53849,33.57769,29.62931,31.41344,32.23784,72.55051,72.30302,71.26009,72.09942,31.89299,31.58153,99.6,30,74,32.54,32.18
HOT,140,143.3298,140,143.9861,35.11607,41.89294,43.26977,39.00809,34.81618,36.41868,38.89048,37.91911,72.70444,72.44937,71.64935,72.32086,36.55904,35.63805,99.74,35,63,39.74,37.58
HOT,140,143.19,140,143.927,35.11607,42.73474,43.46313,38.37993,35.11607,38.52033,40.39497,38.65508,72.75719,72.74252,71.75892,72.06939,36.62338,36.55904,99.74,35,63,39.74,37.58
HOT,140,143.2431,140,143.961,35.41684,35.05916,36.9344,37.3646,36.03059,43.40499,41.59622,39.01978,72.48806,72.74212,71.37357,72.02359,36.33504,37.55443,99.97,32,70,38.3,36.86
COLD,140,144.2407,140,144.9012,32.6097,33.15546,34.3129,36.87878,33.22773,33.77908,34.68237,37.52386,72.56216,72.57272,71.66599,71.97368,34.22368,34.47891,100.83,28,84,34.52,33.98
HOT,140,144.0728,140,144.8687,32.91612,33.47879,34.63766,37.23781,33.22773,33.47387,34.29966,36.86607,72.50423,72.52497,71.73298,72.06313,34.84831,34.19913,100.84,17,79,35.06,34.16
HOT,140,143.5122,140,144.3676,34.42099,37.56573,38.16632,38.74769,33.51878,34.70519,35.85754,37.9149,72.51417,72.51308,71.67609,71.9038,36.40784,35.46653,100.75,18,74,36.14,35.42
HOT,140,143.4352,140,144.2718,35.02788,37.88758,38.16632,39.78214,33.81829,35.95951,37.15421,38.01228,72.64437,72.72424,71.60111,72.08618,36.706,35.77308,100.71,15,72,36.86,36.14
COLD,140,143.2244,140,144.1823,35.34723,37.58408,37.8627,40.07619,34.72708,37.88758,38.16632,39.48273,72.77377,72.66745,71.6069,71.92641,36.98446,36.40784,100.68,13,71,37.04,36.68
COLD,140.0874,143.7197,140.5159,144.091,32.8868,35.65005,34.76324,36.89704,35.14919,35.65005,35.06777,37.03959,72.51218,72.31596,71.55198,71.98978,36.05671,36.3754,100.73,17,88,35.06,34.34
COLD,140.0874,143.603,140.2343,144.1867,33.19867,35.65005,35.36735,39.40712,32.8868,35.65005,35.39382,37.91348,72.54952,72.36216,71.54616,71.87119,36.05671,36.3754,100.77,9,90,34.88,34.52
HOT,140.0797,143.6905,141.0182,144.5893,33.27213,35.01716,36.50783,38.09229,32.96812,35.58885,36.17773,37.42107,72.43024,72.44586,71.86221,71.77596,35.71798,34.04256,99.87,18,72,35.42,35.06
HOT,140,147.0108,142.1107,147.2536,25.56151,25.90618,27.96536,28.82064,26.56614,25.28244,27.27373,27.81754,72.81458,72.16207,72.23286,72.14371,26.05275,25.71135,101.16,11,65,27.14,26.24
COLD,140,144.2986,140,145.1396,29.58072,53.13076,46.03844,34.60558,28.02539,44.99984,46.94462,32.36775,73.10941,72.45705,72.50803,72.13644,31.92884,30.20997,101.04,9,54,32.18,29.48
HOT,140,144.0672,140,145.2854,30.21144,56.99142,48.01041,34.25036,29.90188,54.12395,47.70798,33.5731,73.94202,72.55376,72.63174,72.332,32.3978,32.32579,101.01,13,55,33.08,31.64
COLD,140,144.027,140,145.1849,31.12101,50.78362,45.07331,36.21441,29.90188,54.94632,47.12547,33.56765,73.93296,72.54388,72.53659,72.08241,32.39425,31.35093,101.01,13,55,33.08,31.64
HOT,140,143.9906,140,145.0116,31.12101,49.38577,46.77742,34.84084,29.90188,57.59261,48.57442,33.56765,73.92925,72.53349,72.42042,72.10258,32.39425,31.35093,101.02,13,68,32.54,30.02
COLD,140,143.7196,140,144.7223,35.85987,43.31516,42.26464,38.10403,35.55415,48.83809,54.19185,38.10403,72.61395,72.55437,72.67767,71.9882,35.30413,34.66786,100.78,21,53,35.78,33.98
HOT,140,143.7108,140,144.1627,33.70872,34.45834,34.91846,37.29227,33.09796,35.38031,35.98219,37.9129,72.32782,72.52094,72.49616,72.00233,35.63921,35.04133,100.69,28,74,35.96,35.24
COLD,140.3876,143.8307,142.1191,144.3686,37.98812,36.65722,36.8572,38.26281,38.61586,35.43081,36.15303,37.11961,72.07914,72.41912,72.64736,72.1187,35.7489,35.45089,101.37,11,58,35.42,34.7
HOT,140,145.0067,140.899,145.9852,29.67281,29.03296,29.54704,32.01392,33.0044,28.32054,29.00328,31.99016,72.17126,72.23774,72.5667,71.96886,31.37399,31.02918,100.77,22,75,31.46,30.92
HOT,140,145.0942,140.7176,146.2869,29.68269,29.68509,30.51542,33.57713,29.9742,29.36569,29.91154,32.99969,72.36055,72.26842,72.20138,71.9759,31.0482,31.37399,100.77,22,75,31.46,30.92
HOT,140,144.1683,142.4875,145.0793,32.41506,35.59772,33.75081,35.46972,32.41506,34.97363,33.44135,35.82595,72.42477,72.24609,72.54435,71.88638,34.80764,34.49291,101.39,26,92,35.06,34.34
HOT,120.6752,120.0267,121.9879,141.6453,36.13716,36.25702,37.33481,38.87962,36.73383,36.55821,37.63341,39.21393,72.02816,72.05659,71.90308,71.65961,37.67611,37.67611,100.21,30,58,38.12,37.76
HOT,116.7602,118.7222,120.0358,144.0975,36.13716,36.25702,37.34681,39.18532,36.13716,36.25702,37.65552,38.87962,71.96188,72.07981,71.83677,71.58689,37.64807,37.35135,100.29,28,57,37.94,37.76
COLD,130.3492,130.2484,133.2582,147.0755,31.11006,34.35398,34.96894,30.94855,33.92426,31.39731,29.25832,29.2389,72.0089,72.07959,71.80008,71.766,30.51913,29.57821,102.4,32,74,31.28,30.2
HOT,117.4997,121.9582,118.204,145.506,31.47597,32.12863,32.97508,35.70091,31.47597,31.49285,32.63262,35.04646,71.94077,72.0686,71.61864,71.65287,32.27464,31.97087,100.61,17,70,32.54,32
COLD,124.2436,127.8837,125.0036,141.8721,32.24097,28.10004,25.75753,25.51494,31.63153,27.43432,24.82495,24.90027,71.92538,71.97056,71.8026,71.33572,26.91857,26.30908,101.48,37,60,27.32,26.78
COLD,114.1412,123.8766,117.0579,142.1154,45.40693,44.01812,45.48946,46.97639,45.10866,42.40773,43.53101,44.68353,72.12992,71.93024,71.81537,71.70366,43.1909,43.17265,99.97,9,84,42.8,40.28
HOT,106.8862,116.8086,117.0579,141.9536,46.31207,48.19394,48.09198,47.87989,45.71115,44.94914,46.16879,46.89673,72.14426,72.1916,71.99479,71.98941,43.49374,43.1909,99.74,4,81,43.88,41.36
COLD,108.0616,117.6579,117.0579,141.9536,46.91681,46.87874,45.8008,47.56008,46.01324,45.92224,46.21797,47.54436,71.96474,71.94971,71.97077,71.85438,43.49374,43.18699,99.74,4,81,43.88,41.36
COLD,108.8079,115.3655,117.2414,142.2349,47.21175,45.27961,43.55146,46.23772,46.30893,44.64407,44.15897,46.45607,72.01575,72.07053,71.93398,71.75744,42.87954,42.57964,99.46,5,92,41,40.46
HOT,124.0519,120.2177,114.2483,151.0433,18.14192,41.66269,35.13467,22.98656,17.2159,36.56201,34.35297,22.27611,73.54472,72.11449,72.01212,71.7258,18.38919,19.70443,102.18,8,36,18.86,17.42
COLD,125.5109,123.2356,124.7396,146.9309,30.63876,30.43414,34.36016,32.41492,30.95674,28.63573,31.52031,32.45354,72.06844,71.97461,72.07475,71.60378,27.38199,27.39918,101.71,8,70,27.5,25.88
COLD,122.6531,123.3633,126.9507,145.6812,30.55894,32.21439,31.96616,35.35966,31.50443,30.96006,30.73341,34.05346,72.10351,72.29477,71.68207,71.6146,31.71284,31.08444,101.15,28,83,31.46,30.92
COLD,115.2829,120.9465,126.6102,145.4132,31.81562,32.20478,32.16979,35.36918,32.11457,33.25513,33.09848,36.73079,72.09682,72.08774,71.7767,71.60489,32.24793,33.21859,100.9,28,80,33.08,32
HOT,119.9503,123.2789,118.3238,148.7426,24.98265,23.95903,21.89875,24.42324,23.433,20.67554,20.91581,21.02305,71.87775,72.16718,72.09219,71.58657,23.121,21.45572,101.82,8,73,22.82,19.76
COLD,119.865,121.4641,118.1716,148.3498,25.59733,24.58648,22.51767,25.56495,24.98265,22.94463,21.28832,24.21362,71.78754,72.10345,72.23306,71.56281,23.12289,22.47269,101.69,11,64,23.54,21.92
COLD,114.9366,122.3026,118.1606,147.9629,25.02178,26.77037,23.27339,24.04183,24.40271,29.08825,24.09024,24.25783,71.81213,72.1582,71.82447,71.72797,23.48061,22.85567,101.31,13,61,24.26,23.72
HOT,109.7015,118.9859,111.8594,145.2179,39.56546,33.78038,36.39092,38.24973,41.51011,30.86916,45.31029,47.8897,71.87145,72.29686,72.28126,71.90368,31.99885,30.18249,100.82,17,68,33.44,31.46
COLD,135.6476,128.6207,135.6476,154.6999,26.47197,17.48331,17.91326,20.12579,22.56528,15.55866,15.72078,17.5912,72.10757,72.01696,71.85666,71.9005,16.34634,14.17068,102.71,8,81,14.18,12.38
HOT,125.3142,126.5043,134.7228,150.1167,19.09273,22.09019,20.3861,22.5815,20.74251,19.85957,18.36042,21.75868,71.9611,72.18417,71.43478,71.99883,18.51663,16.97576,102.53,13,74,19.04,17.6
HOT,122.5782,124.2818,112.4941,149.5895,19.99998,23.55643,20.73466,23.84004,18.79174,21.1833,20.00406,22.57861,71.8401,72.23118,71.70057,71.71685,19.13243,18.51663,102.53,13,74,19.04,17.6
HOT,141.3025,138.2526,140.2945,157.5432,42.07609,1.27017,9.115858,2.49277,46.16662,0.9596681,-0.4071831,1.824043,71.90456,72.23168,71.99372,71.79897,2.433141,3.685294,101.3,21,56,2.48,0.86
HOT,144.8496,135.2238,138.953,155.8708,3.547888,6.900424,6.603269,8.265451,38.85382,2.582139,14.93139,3.484836,72.14353,72.13294,71.85376,71.63914,5.676862,4.110326,101.27,24,59,3.92,1.94
COLD,125.7248,124.0911,127.3585,149.1381,23.83399,21.43125,28.18651,32.31704,20.53873,20.15967,20.91899,23.99046,72.07338,72.09228,72.51939,71.71198,22.45338,22.15548,99.92,37,77,21.56,20.66
COLD,124.7056,124.7175,111.789,148.3521,21.19649,21.18729,33.68633,25.04478,27.27181,21.43125,28.93039,31.9545,71.81638,72.1123,72.37551,72.78614,23.47247,22.14645,99.9,41,63,22.28,20.84
COLD,118.3124,129.212,119.9379,147.8725,21.9078,22.7764,22.54634,25.95752,21.9078,27.75348,24.93274,26.95057,71.81147,72.03101,72.00632,71.56458,22.42054,23.18569,99.84,35,67,22.28,21.74
COLD,136.2707,133.3005,137.2523,154.2637,6.73675,3.94704,14.70843,20.29691,4.054758,0.7772345,10.1823,7.498434,71.8924,72.12917,72.01989,71.64133,5.265207,3.377104,100.15,34,65,3.2,1.4
HOT,140.2982,130.8304,131.7917,152.4616,14.10493,10.42703,28.00801,31.44491,9.003407,7.247055,14.42993,12.82457,72.00092,72.13693,72.39906,71.94329,9.55737,7.927005,102.03,8,64,8.06,5.72
COLD,133.5951,128.8555,106.8682,150.5462,13.45589,26.89741,40.53069,17.0511,11.92606,11.86808,39.66336,16.76214,71.65188,72.14095,72.22802,73.11069,14.87733,13.53738,102.02,15,66,11.3,9.14
COLD,106.981,117.8165,113.4589,122.2543,29.39217,35.11079,35.13846,36.12452,30.00901,35.10216,34.66323,35.77779,72.03887,72.28495,72.26739,71.99605,30.74399,30.51642,101.16,21,68,33.62,30.74
HOT,107.0161,117.9858,113.5868,122.3662,29.39217,35.40717,34.34164,34.86338,29.70568,35.44654,34.74363,35.79611,72.05907,72.27323,72.26739,72.00908,31.58162,31.43089,101.23,15,68,31.28,29.84
HOT,114.3742,119.4945,117.2974,123.8887,28.74497,30.7666,29.12282,29.5421,27.84032,29.19581,28.51239,28.90728,71.95564,72.28223,72.32977,71.71088,30.17725,29.85422,100.43,37,94,31.28,30.74
COLD,118.6477,120.1092,118.6524,123.7352,28.68922,31.1193,29.53489,30.1695,28.68922,30.81814,28.90514,29.80876,72.27587,72.32579,71.77524,71.82238,30.62594,30.60858,100.81,30,95,30.02,29.48
COLD,112.152,118.7297,118.8095,123.1148,28.9795,30.52149,28.90343,29.65095,28.68093,30.82022,28.90343,29.64609,72.03022,72.15699,71.80414,71.83439,30.3212,30.3212,100.44,30,95,30.02,29.66
COLD,125.1841,122.8678,115.9191,131.3672,25.22091,28.41085,26.13368,25.89622,24.61022,27.13943,25.18534,25.22504,71.90743,72.1558,70.05268,71.50755,26.39112,25.76891,101.88,34,73,26.06,25.34
COLD,114.1815,119.6195,117.9982,127.1619,25.85095,29.41087,28.81822,26.95685,26.15483,30.07497,29.54728,26.6387,72.04913,72.17463,71.6428,71.91233,27.34868,26.9502,99.41,45,65,28.04,27.32
HOT,117.9469,119.3916,104.7927,124.5034,32.09521,36.48462,33.77087,33.53936,31.16823,35.75031,35.7584,34.42205,71.84699,72.23363,71.96575,72.06874,30.546,31.20454,100.24,9,77,31.28,29.48
COLD,138.3967,130.9684,127.6833,143.3349,25.42628,23.90686,27.78519,29.68912,25.20978,20.45572,20.81338,24.39045,72.37924,72.08173,71.89921,72.00387,22.50871,20.22961,102.92,11,70,19.94,18.32
COLD,125.962,122.9546,108.968,135.4433,24.39885,35.44992,34.54288,30.92558,24.70673,29.82803,38.11561,29.9368,72.55122,72.18024,71.69415,72.51682,26.11197,24.79126,102.87,24,60,25.34,23.54
COLD,136.0151,129.0476,125.9662,133.6992,32.48658,27.53472,25.66455,26.21472,34.0352,25.02272,24.7265,24.65844,72.72394,72.28457,71.92271,72.11239,26.09962,25.18277,102.16,18,74,26.78,23.72
HOT,106.7955,119.6369,100,122.8472,38.42939,59.60944,49.17502,42.00839,37.82061,50.78082,47.71987,41.09293,73.41396,72.21855,71.77738,72.90852,38.25434,38.26582,100.75,34,54,39.02,38.3
COLD,146.9429,134.9375,130.1151,141.3268,26.77058,20.8894,23.19822,25.05503,32.20454,21.19221,22.80139,23.68543,72.2699,72.49429,72.04002,72.55743,23.69495,23.69495,99.99,55,67,24.44,23.9
COLD,129.6116,127.2507,119.3876,135.1338,23.48815,23.62079,28.80425,28.5787,23.48815,22.70683,27.12939,27.36,72.03577,71.91994,71.835,72.19727,24.97056,24.63387,100.56,52,62,25.7,24.98
COLD,126.7271,124.3432,115.5958,133.8785,22.86773,27.26009,31.21956,27.06499,23.17575,22.88176,26.53191,25.74285,71.99346,72.1575,71.81312,72.36549,24.24306,24.35284,100.85,45,61,26.06,23.9
COLD,122.1237,122.969,108.8115,129.6251,21.4698,37.74071,36.4578,21.89586,20.85457,22.36942,39.72387,22.17415,72.1055,71.99768,72.10559,73.22915,20.76025,19.06244,101.71,9,65,19.04,17.42
COLD,123.2991,124.0295,117.3994,130.6784,31.53205,29.06774,45.14938,44.68217,26.1781,27.48349,41.23183,49.03592,72.14979,72.22184,73.24412,72.16265,29.76562,27.86525,101.59,11,71,25.88,24.44
COLD,118.2895,132.7359,107.2843,125.8533,29.90858,31.02967,43.12169,46.71622,28.3733,28.51833,41.3242,49.03183,72.17292,72.06319,72.74368,72.53313,34.49326,31.86908,101.86,13,59,32,30.56
COLD,112.72,117.4339,103.8908,122.7464,44.16063,47.72212,49.29214,49.36332,42.6335,45.50697,45.2268,46.3529,72.02722,71.97526,71.47262,72.25535,44.4791,43.25082,100.27,18,75,40.64,39.56
HOT,114.4331,122.0875,102.3028,122.7362,33.88977,34.80678,54.03237,57.51879,33.27747,34.09289,49.9402,55.93696,72.06438,72.02576,72.7084,72.6158,39.48386,35.82841,102.04,9,80,33.62,32.72
HOT,110.9448,119.6469,100,120.8946,36.08097,49.74503,62.22519,42.72408,35.16998,37.27322,62.38498,47.31701,72.21731,72.20095,72.05082,74.58875,41.11666,40.50949,102.04,13,78,36.14,34.88
HOT,112.0194,118.4888,101.6748,121.0668,36.94927,39.89763,42.54897,42.92547,36.94927,37.86526,39.75135,41.10875,71.99522,72.01142,71.79092,72.28986,38.42525,38.74368,99.41,24,73,39.74,38.48
COLD,116.146,120.9428,141.6874,123.6715,32.06733,47.39166,52.44924,34.97074,32.10297,33.10104,53.13393,37.83501,72.02769,72.08843,71.92783,74.07541,34.82517,33.92707,101.48,13,46,32.72,31.28
HOT,123.2403,136.1008,134.1914,146.2075,27.59919,30.72544,44.79156,57.78654,26.3692,28.88019,38.92691,33.42238,72.17661,71.92654,72.94231,71.82989,30.68207,29.38331,102.14,18,35,30.92,29.48
HOT,140.2244,132.9957,150.5992,144.2448,32.93753,33.93739,53.08158,52.89188,30.32412,32.98472,49.99905,57.84481,71.71274,72.12521,73.16931,71.76777,36.25794,36.41541,102.25,15,35,33.62,32.54
COLD,140.0855,133.785,151.897,144.62,33.24627,34.575,52.96526,49.97907,30.64159,33.61066,51.22196,57.85425,71.95122,72.22761,72.36884,72.1605,35.12872,37.27988,102.25,13,31,35.06,32.72
COLD,110.8002,116.5634,145.7132,119.55,38.91822,57.55006,64.06583,44.0731,36.72244,40.63258,66.41067,44.09833,72.53418,72.26896,71.79801,72.17452,42.85854,42.15982,102.01,15,37,41.54,38.84
COLD,110.9819,118.6648,124.6174,118.3006,42.93608,44.12506,44.89846,47.45432,42.93525,42.42553,43.87362,45.58823,71.79173,72.21056,71.53873,70.56532,43.74021,43.73541,100.78,5,80,41,39.74
HOT,139.3569,126.6433,148.6191,140.1171,27.23078,27.70024,43.05431,50.41862,25.71033,25.84555,36.48517,43.12552,71.93443,71.94353,73.19415,70.58717,28.73572,29.06624,101.75,15,63,30.2,28.22
COLD,122.5507,131.286,148.9532,148.287,30.0242,31.24247,50.31892,53.82808,28.17755,29.27843,43.99269,56.71138,71.76714,71.89319,73.2552,71.09924,34.08797,31.32853,101.77,21,46,32.36,30.2
COLD,109.8994,146.1062,133.3214,125.1355,37.3932,41.53662,49.54133,50.18779,35.55949,40.61777,44.65024,47.65622,71.07714,72.08224,71.98742,71.01586,39.85321,37.98307,101.05,15,68,40.1,37.76
COLD,131.2427,145.9274,142.0598,144.2215,36.86935,58.00424,52.61744,44.84079,35.62473,46.54177,51.02437,43.36747,71.74822,71.18694,72.19956,72.26205,39.27146,37.25348,102.42,15,49,39.38,35.96
COLD,133.9355,126.0041,129.3937,144.7096,34.71325,37.46539,35.51326,35.88364,34.10238,35.31532,34.26738,34.63586,71.54148,70.84122,71.86382,71.44925,35.80292,35.20267,101.71,32,62,36.14,35.42
HOT,123.2485,138.1596,139.514,120.9072,43.28262,45.31914,44.09521,45.2272,41.61217,42.75838,42.4436,43.00628,71.61347,71.41129,72.26456,71.44518,43.21527,43.24818,99.58,8,96,40.82,40.46
COLD,116.6795,128.7346,140,124.4347,56.58474,63.76048,65.64937,61.50403,55.96612,58.1357,71.11225,59.8359,71.09261,71.11392,71.55624,72.06373,58.58546,57.2857,99.86,34,67,59.9,58.46
COLD,127.4264,125.5252,136.6553,146.4599,32.4276,36.10148,33.91193,34.06151,32.4276,34.81885,33.28286,33.72869,70.87804,70.60895,71.26879,70.83286,34.46151,34.77657,101.57,35,76,34.52,33.8
COLD,126.2312,126.2889,135.5391,146.3349,33.0321,36.72795,33.92768,34.09216,32.4276,34.81885,32.98312,33.42584,70.92828,70.66115,71.24573,70.7757,34.76208,34.46151,101.57,35,76,34.52,33.8
COLD,126.1609,117.0741,129.3049,140.5798,49.13902,54.44868,55.51862,54.22162,46.30087,49.87236,50.57926,50.47924,71.25213,71.12958,71.72535,71.03401,48.53079,46.64787,100.07,26,79,46.4,44.78
COLD,119.1948,118.8869,124.9368,140,54.57832,53.85737,55.5599,56.59908,51.72836,58.33685,59.26321,57.02631,71.24286,71.13364,71.57331,71.03786,54.03718,51.55806,100.07,21,85,48.56,46.76
COLD,140.2686,127.9098,141.3023,143.1922,39.88714,51.18938,50.8036,44.55225,36.43133,38.65811,40.05345,41.12982,71.64506,70.63979,71.40881,71.24319,41.69268,37.57489,99.76,26,51,46.04,41.9
COLD,133.9644,134.4747,137.4448,142.6906,41.76966,55.5723,53.32939,45.70096,38.64909,48.31463,49.44823,45.28612,72.01385,70.7489,71.65421,71.38912,42.68866,39.83221,99.76,26,51,46.04,41.9
COLD,140.71,134.0483,129.1531,143.6379,40.58571,46.90446,45.47008,44.0796,39.35642,45.21499,45.79417,45.88723,71.54549,70.8945,71.97443,71.51641,41.67148,40.74667,102,24,71,41.54,40.46
COLD,131.4925,135.084,131.4178,143.3297,40.58571,46.60763,43.51838,42.96384,40.58571,46.58532,43.49697,42.63907,71.55287,70.99084,71.78045,71.36559,41.99078,41.99078,101.81,35,64,41.9,41.36
COLD,140,140.0213,140,140,52.14209,53.26331,52.97037,52.92066,51.54328,53.24431,52.97815,52.59785,69.66633,67.56136,67.6055,70.05069,52.99853,52.69749,100.35,28,93,55.4,54.68
COLD,140,140.0213,140,140,52.14209,53.26331,52.97037,52.92066,52.14209,53.56171,53.27659,52.92066,69.52581,67.33786,67.46313,70.03677,52.99853,52.99853,100.35,28,93,55.4,54.68
COLD,140,140,140,140,46.02231,48.27618,64.9178,65.95554,45.71487,47.00966,50.29826,49.8128,67.84986,66.11509,66.73092,68.94481,46.94858,46.99768,101.74,21,64,49.82,47.48
COLD,140,140,140,140,47.23092,51.55117,59.21641,55.47647,46.62646,48.58161,64.39996,66.01908,68.25803,66.67434,69.26712,70.73293,49.65555,50.67891,101.8,22,60,50.18,48.74
COLD,140,140,140,140,48.15257,53.15955,61.30323,53.88232,47.5323,50.19873,58.41706,53.68038,68.52443,66.93864,69.5805,71.51694,49.60985,48.98425,101.87,15,61,51.08,49.82
COLD,140,140,140,140,48.15257,52.55122,63.95405,54.21367,47.23092,50.84534,57.64834,52.69261,68.60093,66.95739,69.67564,71.85167,49.60985,48.98425,101.87,15,61,51.08,49.82
COLD,140,140,140,140,56.84741,56.90094,57.28046,58.5065,57.44938,57.19834,57.58523,58.5065,69.27332,67.1319,69.95031,70.09647,58.1251,58.43623,100.9,15,78,59.18,58.28
COLD,140,140,140,140,56.84741,57.80624,59.80027,64.05309,56.84741,56.90094,57.28046,58.5065,69.40501,67.3726,70.25124,70.61641,58.42283,58.1251,100.92,11,73,59,58.1
COLD,140,80,110.9167,80,58.98263,62.46403,64.97536,66.93692,57.15833,59.66905,63.34626,66.03634,70.12859,68.20847,70.81976,71.50706,61.19669,59.04754,100.91,18,70,61.52,60.26
COLD,140,80,110.9167,80,58.98263,62.46403,64.97536,66.93692,57.15833,59.66905,63.34626,66.03634,70.12859,68.20847,70.81976,71.50706,61.19669,59.04754,100.91,18,70,61.52,60.26
COLD,90,120,140,90,60.80297,64.75081,67.91322,67.27621,60.19213,65.06667,71.04659,67.6616,72.1358,68.57135,70.2506,70.23627,63.05309,62.4515,100.91,21,75,63.14,62.42
COLD,90,120,90,90,61.42074,65.56175,65.04761,66.22014,60.80297,64.75081,67.91322,67.27621,72.20402,68.80828,70.34357,69.38406,63.04017,63.05309,100.89,22,66,62.96,61.88
COLD,110,110,110,110,62.619,67.14371,66.78097,66.49651,61.71859,66.23414,65.41164,66.53291,72.57191,70.51637,72.01017,71.72012,63.99572,63.04017,100.87,34,46,64.76,63.14
HOT,110,110,110,110,62.619,67.14371,66.78097,66.49651,61.71859,66.23414,65.41164,66.53291,72.57191,70.51637,72.01017,71.72012,63.99572,63.04017,100.87,34,46,64.76,63.14
COLD,110,110,110,110,62.9216,68.54349,65.81677,66.48884,62.619,67.38338,65.85867,66.48884,71.73727,70.37052,72.46494,71.72218,64.31496,64.01529,100.91,21,49,64.4,63.68
COLD,140,140,140,140,52.28679,52.57534,55.36514,63.16887,52.88447,51.67043,57.61617,54.21045,72.33163,70.83784,73.41537,72.73508,54.40776,55.00992,101.78,11,81,54.14,50.9
HOT,140,140,140,140,52.28679,52.89116,63.41444,65.78456,52.58539,51.96873,60.45478,54.51256,72.33906,71.04214,73.66904,72.7752,54.40776,55.00992,101.78,11,81,54.14,50.9
COLD,140,140,140,140,52.28679,52.89116,63.41444,65.78456,52.58539,51.96873,60.45478,54.51256,72.33906,71.04214,73.66904,72.7752,54.40776,55.00992,101.78,11,81,54.14,50.9
COLD,140,140,140,140,52.28679,52.89116,63.41444,65.78456,52.58539,51.96873,60.45478,54.51256,72.33906,71.04214,73.66904,72.7752,54.40776,55.00992,101.78,11,81,54.14,50.9
HOT,140,140,140,140,52.28679,53.20222,67.25468,68.90279,52.58539,52.27303,61.08601,57.28668,72.16296,70.9508,73.51742,72.60538,55.34784,54.40776,101.78,11,81,54.14,50.9
COLD,140,140,140,140,52.58629,53.5109,69.48879,70.90222,52.28679,52.27303,62.52432,62.1691,72.11294,70.83356,73.38824,72.417,55.34784,54.40776,101.78,11,81,54.14,50.9
COLD,140,140,140,140,52.58629,53.5109,69.48879,70.90222,52.28679,52.27303,62.52432,62.1691,72.11294,70.83356,73.38824,72.417,55.34784,54.40776,101.78,11,81,54.14,50.9
COLD,140,140,140,140,52.58629,53.5109,69.48879,70.90222,52.28679,52.27303,62.52432,62.1691,72.11294,70.83356,73.38824,72.417,55.34784,54.40776,101.82,17,77,56.66,54.32
HOT,140,140,140,140,55.02308,56.30958,75.51003,70.43394,53.21321,54.46309,71.13974,71.48889,72.1159,70.50828,73.65609,72.87949,58.55179,57.5423,101.81,17,63,58.82,56.66
COLD,140,140,140,140,55.64375,57.55606,76.67379,71.85487,53.82152,55.06606,72.28158,71.15124,71.89358,70.60716,73.76121,73.60082,58.55179,57.5423,101.81,17,63,58.82,56.66
COLD,140,140,140,140,55.95768,57.86753,77.63331,71.53271,54.12218,55.37331,72.90926,70.40039,73.11434,70.7963,73.69186,73.8225,59.17064,58.23868,101.81,17,63,58.82,56.66
COLD,140,140,140,140,56.25695,57.86753,77.61209,71.86835,54.12218,55.69228,74.09495,70.92274,73.20439,70.99227,73.70862,74.00238,59.17064,58.23868,101.81,17,63,58.82,56.66
COLD,140,140,140,140,56.25695,57.86753,77.61209,71.86835,54.12218,55.69228,74.09495,70.92274,73.20439,70.99227,73.70862,74.00238,59.17064,58.23868,101.81,17,63,58.82,56.66
COLD,140,140,140,140,56.25695,58.176,77.69646,70.62215,54.72124,56.00007,75.13079,71.71542,72.19038,70.79638,73.70433,74.06892,59.17064,58.23868,101.82,15,58,59.72,58.46
HOT,140,140,140,140,56.55764,58.78865,79.26939,61.17129,55.02308,56.93596,75.58909,70.75075,72.20844,70.75555,73.76012,74.18996,59.83551,58.55179,101.82,15,58,59.72,58.46
HOT,140,140,140,140,59.06048,76.90005,80.43143,60.50923,57.18229,59.43157,79.22356,59.9057,72.18526,70.99543,72.97305,74.54552,61.08821,59.82647,101.8,15,50,60.26,58.82
HOT,140,140,110,140,59.07167,88.07684,76.05814,60.16881,59.68927,84.72385,79.07896,60.81347,73.51554,70.40015,75.13155,73.36547,58.89537,60.45948,101.7,15,59,61.52,59.9
COLD,140,140,110,140,59.07167,88.07684,76.05814,60.16881,59.68927,84.72385,79.07896,60.81347,73.51554,70.40015,75.13155,73.36547,58.89537,60.45948,101.7,15,59,61.52,59.9
HOT,140,140,110,140,58.47356,91.37299,68.27876,60.46226,59.07167,88.07684,76.05814,60.16881,73.89623,70.35148,75.26099,72.37411,58.87724,58.89537,101.69,13,66,60.98,60.08
HOT,140,140,110,140,58.47356,91.37299,68.27876,60.46226,59.07167,88.07684,76.05814,60.16881,73.89623,70.35148,75.26099,72.37411,58.87724,58.89537,101.69,13,66,60.98,60.08
HOT,90,90,90,90,56.35039,83.0005,65.17955,57.93697,57.55807,83.09924,71.60191,58.57373,73.61472,69.85883,74.75275,71.5339,58.17987,59.14427,101.68,30,75,61.16,59.36
HOT,90,90,90,90,52.75684,52.4436,57.25003,54.25468,52.75684,51.53082,53.19901,53.31498,71.64355,69.3479,73.83907,71.36389,54.54291,54.23287,101.76,13,84,55.04,53.42
HOT,140,140,140,140,56.28507,56.23139,56.50719,57.7253,55.67978,55.92128,55.89666,57.11628,68.91463,66.54248,71.05801,68.97449,56.74265,56.12973,99.83,21,95,57.92,57.56
HOT,140,140,140,140,56.28507,55.91935,56.50719,57.41399,55.97744,56.54995,56.19815,57.11628,68.82842,66.3425,71.00568,69.22771,56.74265,56.43961,99.83,21,95,57.92,57.56
HOT,140,140,140,140,57.7998,59.56594,60.22662,60.98717,58.1084,58.48134,59.09702,60.65404,68.72538,66.29605,71.27817,69.26743,58.26833,58.90614,99.5,17,81,59,57.92
HOT,140,140.2775,140,140.4472,47.48126,47.11516,48.22718,58.7581,47.48126,46.19165,47.28987,48.26007,68.41196,65.96012,70.77725,67.89361,48.86689,49.20699,100.13,34,69,50.72,49.28
HOT,140,140,140,140.0591,51.44653,51.99623,66.20169,59.47849,50.52803,50.76413,66.25443,68.76971,68.58612,66.02855,71.03567,69.41718,54.06022,52.44133,100.23,45,51,55.22,54.32
HOT,140,140,140,140.0591,52.98494,59.74994,58.68889,57.65658,52.68113,58.0054,59.78566,57.35223,68.78937,66.09191,70.93513,69.31527,55.02838,54.72529,100.31,34,49,57.02,55.04
HOT,140,140,140,140,54.19939,52.12881,54.52132,55.78091,53.89241,53.63322,54.28777,54.89899,68.64838,66.25681,71.08323,68.92932,55.37852,54.77956,100.78,21,81,54.86,52.88
HOT,140,140,140,140,53.59508,53.68731,65.94098,66.91975,52.98699,52.76815,53.92133,55.17732,68.61176,66.26041,71.05884,69.06042,56.10353,54.17156,100.95,21,75,55.04,51.98
HOT,140,140,140,140,56.01525,57.78287,61.04369,61.38136,54.79939,55.24166,70.30549,72.63651,68.99158,66.23774,71.20908,69.20998,56.93747,57.31041,101.11,28,57,59.36,56.84
HOT,140,140,140,140,55.09752,57.18071,62.08924,59.24667,56.01525,57.78287,61.04369,61.38136,68.52847,66.11684,71.28361,69.18289,56.31043,56.93747,101.17,32,55,57.74,56.3
HOT,140.0532,140.2893,140.1474,140.6011,48.21711,48.47897,47.91409,50.19007,48.21711,48.16764,48.21585,49.6843,68.62795,66.22675,71.06374,69.08229,49.0998,49.41143,101.72,0,84,45.68,44.6
COLD,140.0088,140.034,140,140.0424,57.14365,83.96545,83.13541,61.08665,54.68687,76.40136,84.75342,58.92444,69.34251,66.24462,70.83504,69.6574,59.29293,58.34738,100.97,11,74,56.84,54.68
HOT,140,140,140,140,52.11963,56.15976,72.31973,66.78699,51.5057,53.40446,71.86134,68.88643,68.71002,66.21423,70.9546,69.28338,54.35702,54.44752,100.95,5,100,49.82,48.92
HOT,140,140,140,140,54.86809,57.47599,59.17785,59.16376,53.6512,56.24086,59.90199,59.8145,68.55593,66.03284,70.95444,69.04071,56.85316,54.97519,100.92,4,92,52.88,51.26
COLD,140.0278,140.1744,140.0266,140.1247,47.44728,49.75404,49.74603,51.87889,46.21304,48.52654,48.4766,49.9232,68.55013,66.15057,70.79189,69.01766,49.32492,48.70472,101.63,8,68,49.64,48.92
COLD,140.0846,140.7409,140.0846,141.3972,47.12664,49.59885,49.37317,52.32167,47.13203,48.36117,48.74631,51.00665,68.61065,66.24944,71.02445,69.12941,47.76663,47.76663,99.56,9,96,48.2,47.48
HOT,140.0731,143.6865,141.3922,148.7036,37.43575,37.11348,38.60511,39.78009,37.1386,36.51733,37.99313,39.08338,70.62839,66.02493,72.41028,70.71723,38.88709,38.57608,100.61,48,59,39.92,39.2
COLD,140.0731,142.6196,140,147.7042,38.95584,40.18517,42.14728,42.30107,38.03357,38.9542,40.76124,41.36762,70.44517,66.15923,72.61447,70.86639,39.86214,39.20751,101.01,37,58,41.54,40.64
HOT,140.138,141.0687,140.468,142.2869,46.64163,47.75135,49.48198,50.54806,45.42018,48.05997,49.18214,50.52859,69.72257,65.60339,71.69393,70.09516,47.44595,46.53573,100.79,18,74,47.66,46.22
COLD,140.0276,140.3338,140.1352,140.8309,47.86574,53.17219,55.71789,51.83207,47.26159,48.66581,49.81549,50.55177,69.85567,65.68826,71.90185,70.33883,48.96135,47.44595,100.56,28,67,49.82,49.1
COLD,140.3291,142.5217,140.1911,144.0369,43.60377,43.47452,44.59563,46.60001,44.82693,44.70433,45.84565,47.59682,70.08585,67.61115,71.98566,69.29302,45.25372,46.46731,100.89,28,61,45.68,44.6
HOT,140.3291,142.5217,140.1911,144.0369,43.60377,43.47452,44.59563,46.60001,44.82693,44.70433,45.84565,47.59682,70.08585,67.61115,71.98566,69.29302,45.25372,46.46731,100.89,28,61,45.68,44.6
HOT,140.0848,141.2201,140.0848,143.2527,43.59378,54.76089,59.16246,47.53011,42.67928,45.67021,48.48297,47.91814,70.32748,67.89063,72.61397,70.57486,45.33039,44.35016,100.95,35,55,46.04,44.42
HOT,140.0848,141.0772,140.0848,143.1039,44.81231,47.27153,47.07344,48.28287,44.81231,47.21756,47.29956,46.64268,70.33938,67.88329,72.55605,69.88308,45.69067,46.30538,100.96,24,53,46.94,45.68
HOT,140.0848,141.0772,140.0848,142.8327,44.50527,46.90819,46.83549,47.68565,44.81231,47.74769,47.87396,48.00569,70.49796,67.86978,72.57595,69.88148,45.69067,46.30538,100.96,24,53,46.94,45.68
COLD,140.0848,141.0772,140.0848,142.8327,44.20638,46.37777,46.22,47.34151,44.81231,46.71488,47.20084,48.30949,70.25233,67.92289,72.68005,69.74638,45.69067,46.30538,101.04,35,58,46.04,44.78
HOT,140.0848,141.0969,140.0848,142.7459,43.89935,44.42601,45.2549,46.93573,44.50527,46.90819,46.83549,47.68565,70.32825,67.91007,72.6242,69.70367,45.37834,45.69067,101.04,35,58,46.04,44.78
HOT,140.0848,141.0969,140.0848,142.7459,43.89935,44.42601,45.2549,46.93573,44.50527,46.90819,46.83549,47.68565,70.32825,67.91007,72.6242,69.70367,45.37834,45.69067,101.04,35,58,46.04,44.78
HOT,141.8769,148.0913,142.5639,151.089,32.51308,31.58989,44.70512,36.35606,32.21097,30.97107,32.26314,41.22644,69.70116,67.49386,71.66488,69.28991,35.79634,34.25914,102,28,66,34.7,33.62
HOT,140,144.0833,140,149.2591,36.21459,40.45827,42.98574,42.95598,35.58414,36.59831,53.9147,43.4403,70.07593,67.70313,72.24636,69.86622,38.42617,38.12457,101.9,26,58,38.84,37.58
COLD,140,143.2841,140,148.4569,37.43388,40.62407,40.70092,41.62074,36.83109,39.7267,39.61876,41.29975,70.07404,67.75058,72.30953,69.91598,39.42891,38.43516,101.72,26,56,40.64,39.02
COLD,143.4577,152.3272,144.6992,156.8943,26.1004,27.51101,43.99147,47.57583,24.86348,25.97216,35.77029,34.88187,70.15345,68.26765,71.69328,70.1236,29.6277,26.05929,101.85,9,57,27.32,25.16
COLD,140.3322,148.8424,140.1356,155.8182,27.6384,33.44611,47.44546,32.09028,26.41822,29.06235,47.77283,35.97274,70.38,68.1675,72.01581,70.89947,29.60207,29.17672,101.85,13,57,30.02,28.58
COLD,140,147.8947,140,155.1918,28.94265,50.5428,47.75998,34.14852,27.6384,33.44611,47.44546,32.09028,70.4101,68.25069,72.13608,70.83759,30.36939,29.60207,101.78,17,57,31.64,29.48
COLD,140.7431,151.9332,141.0345,155.9474,21.40911,40.26661,42.26294,26.12459,19.72986,30.12957,37.8908,24.53363,70.35001,68.27418,72.68324,70.48678,23.75466,21.94171,101.26,18,51,23.9,22.1
HOT,152.286,161.5931,149.181,161.5931,17.73957,17.38838,31.6549,21.32696,16.49348,16.42396,16.90084,19.56767,70.27237,68.12856,72.5778,69.83271,20.44741,16.8752,101.97,0,73,14,12.92
HOT,144.6873,155.5046,146.8707,157.0085,20.54188,22.65146,34.83395,34.28704,18.05409,19.0665,32.26858,21.25944,70.3652,68.05048,72.86758,69.97474,21.37252,20.70424,102.05,4,70,18.5,16.88
HOT,140.5953,129.4317,120.5782,128.1647,39.01731,39.83016,40.84759,42.10719,39.01731,39.23075,39.93725,41.46019,72.22933,70.0183,74.88012,71.83073,39.85336,39.54241,100.97,8,81,40.46,39.2
COLD,140.063,121.4022,114.5981,122.6436,40.51141,42.57308,43.61782,44.64293,39.61724,40.74584,41.76297,43.05078,72.30782,70.04558,74.50977,71.79204,41.07328,40.4598,101.06,5,85,41.36,40.1
COLD,113.1539,122.2998,111.9469,124.7294,40.97852,41.23415,41.16946,40.9722,40.97852,41.85546,41.16946,41.27413,72.15079,71.92133,74.82095,72.02431,41.96798,41.96798,99.11,41,95,42.08,41.72
COLD,119.1092,127.012,108.3813,129.8957,29.82155,31.03883,31.06224,34.27353,29.81155,29.54609,30.75183,33.12471,72.20367,72.2943,74.78052,71.84798,31.25212,31.21814,102.12,8,75,29.66,28.58
COLD,118.3146,126.1819,109.0506,128.3258,30.74146,31.97938,31.70188,34.31678,30.13762,31.65816,32.06976,33.31279,72.24332,72.15247,74.56944,71.37902,31.24491,31.25212,102.01,5,76,29.66,28.94
HOT,123.2522,133.2562,122.5453,133.2562,29.9989,31.38752,51.9155,41.0357,29.36747,28.82164,47.54265,46.24471,72.26768,72.2626,74.43182,71.8077,32.03774,29.15687,100.01,13,68,26.06,22.82
COLD,120.2219,128.6985,118.8031,131.5361,30.95741,35.07893,43.51424,39.04578,29.9989,31.38752,51.9155,41.0357,72.23798,72.12465,74.25662,71.76346,32.65364,32.03774,99.81,8,70,30.2,27.68
COLD,120.2219,128.6985,118.8031,131.5361,30.95741,35.07893,43.51424,39.04578,29.9989,31.38752,51.9155,41.0357,72.23798,72.12465,74.25662,71.76346,32.65364,32.03774,99.81,8,70,30.2,27.68
HOT,117.6698,128.0122,118.2596,130.7819,32.81694,43.01836,43.02546,39.67715,31.57988,36.01516,42.70654,38.40983,72.35898,72.1435,74.38206,72.04537,34.26426,32.65364,99.81,8,70,30.2,27.68
COLD,116.4758,122.8116,120.5143,125.1234,44.65636,44.69794,45.21218,46.59502,44.35881,44.35757,44.90969,46.59323,72.12149,72.17307,74.38201,71.8642,45.12934,44.83209,98.81,8,99,43.7,42.98
HOT,125.1299,129.154,124.4677,128.4749,34.8315,34.29424,35.70873,37.46693,35.12898,34.29424,35.70873,36.8551,72.23202,72.06501,74.59506,72.20352,36.2967,36.65432,100.01,30,61,36.32,35.96
COLD,126.0447,135.3366,122.1666,130.6907,25.07408,24.76461,30.30602,29.48145,25.07811,25.63839,37.5489,39.71749,72.13928,72.16965,74.22317,71.58707,27.52227,26.47146,101.26,43,63,27.5,26.6
COLD,122.8118,129.7631,120.5013,130.5267,25.09785,25.81885,27.20984,28.34864,25.40969,25.40391,26.45191,29.0427,72.13181,72.11407,74.20294,71.54755,26.2187,27.58009,101.4,48,60,27.86,26.6
COLD,155.0126,155.0126,155.0126,155.0126,30.67232,33.74873,33.74184,36.08952,29.75785,31.73555,38.78848,34.21591,72.02597,72.5129,74.2122,71.00828,31.23419,30.90922,101.47,9,65,32.36,31.28
COLD,135.841,145.0532,143.6318,151.4225,31.29332,36.55098,39.51842,38.23705,30.67232,34.35083,34.06571,36.08952,72.21415,72.21478,74.71166,71.93168,32.52821,31.55376,101.42,13,63,32.72,32.18
HOT,139.4198,141.2392,137.6884,135.913,15.68266,15.64491,15.90054,19.94214,15.98667,15.62374,14.27314,16.97313,71.953,72.10616,73.90432,71.57174,15.72366,14.78897,102.14,5,74,12.2,10.4
COLD,136.5562,141.9597,132.2646,140.1908,16.30952,16.99913,16.58985,21.20238,15.98667,15.01055,14.98381,19.33555,72.13538,72.14709,74.02982,71.60998,15.72366,14.78897,102.16,9,79,14.36,12.02
COLD,147.224,127.387,119.6905,131.2157,25.86309,26.49363,29.4145,29.91978,25.86309,26.04637,29.95598,30.90185,72.17572,72.01966,74.47404,71.90649,26.74671,27.10073,100.8,32,51,27.32,26.06
COLD,149.8221,143.3546,139.899,147.6422,17.38429,17.14775,16.16721,17.05313,17.69418,16.51586,15.53234,17.35782,72.60424,72.32348,75.45654,71.43523,18.74997,17.77895,102.93,21,83,15.8,14.9
HOT,145.3752,126.8517,128.4551,146.8231,24.23352,26.33316,25.29366,24.85681,22.69709,24.07984,22.30397,23.74113,72.33788,72.43301,74.54864,71.83251,23.88966,23.28656,102.83,17,71,23.54,23.18
COLD,170.8531,144.2596,149.5664,140.5516,9.357826,9.034339,10.22292,15.00084,10.29882,7.975567,9.290596,11.46275,72.4163,72.69424,74.36966,71.42336,11.0557,9.040799,103.66,18,67,8.96,8.42
HOT,167.0617,132.6695,135.4698,136.2289,14.02642,14.75919,29.23617,33.57127,13.10881,12.84531,20.68218,18.73079,72.06292,72.53022,73.94482,71.10654,14.98229,13.52244,102.37,9,67,12.92,9.86
HOT,154.9075,132.6151,123.258,138.5159,19.05593,21.74843,35.66519,21.64994,16.2059,18.43516,41.14133,26.00295,72.27676,72.21389,74.08224,72.14902,19.5351,19.2427,102.36,15,64,18.14,16.34
HOT,157.838,138.8213,152.6388,157.2381,25.60131,24.84673,26.16438,28.46222,24.99004,23.61606,24.63845,26.86133,72.46185,72.46769,74.59717,71.78101,26.91767,26.27879,101.83,18,82,26.96,25.52
COLD,143.9202,120.4499,121.4637,126.1708,31.04819,32.35567,31.69044,34.06635,31.04819,34.74855,34.51163,35.28323,72.38473,72.08144,74.24796,71.39819,31.89409,31.89409,101.65,35,80,32.9,32.18
HOT,140,121.1049,113.7581,123.7855,35.70734,41.65683,39.01833,37.2549,35.70734,44.21349,41.38641,36.91969,72.26964,72.34757,74.39841,71.50759,36.37981,36.37856,101.16,37,75,36.14,35.6
HOT,153.347,134.5578,143.9232,128.8909,21.28854,21.1684,22.33731,25.42465,22.52145,22.39886,22.46951,24.53564,72.39687,72.7146,74.44656,71.29649,23.364,24.42629,101.47,13,77,21.56,20.48
COLD,144.4234,128.1666,127.3966,129.8004,20.98621,21.07399,33.67128,35.4906,20.98621,21.01279,23.94898,25.45358,72.27854,72.27441,74.2711,71.40947,23.32583,23.23454,101.58,18,72,21.74,21.02
COLD,140,119.4952,113.6299,125.4727,28.75173,54.36714,43.78735,30.29652,29.04682,48.68851,49.85619,32.28228,72.97079,72.42018,74.145,71.62615,30.17466,31.46988,101.48,9,62,28.58,26.96
COLD,140,119.1073,111.6388,125.0783,28.74583,42.02844,30.54331,29.74823,28.44606,55.88513,39.81127,29.90349,72.34692,72.1999,74.10838,71.90692,28.91636,29.22972,101.48,11,68,27.86,26.24
COLD,140,119.1073,111.6388,125.0783,28.74583,42.02844,30.54331,29.74823,28.44606,55.88513,39.81127,29.90349,72.34692,72.1999,74.10838,71.90692,28.91636,29.22972,101.48,11,68,27.86,26.24
COLD,144.5708,124.2302,124.8523,126.4776,29.13806,30.97246,28.65382,29.37267,28.2033,30.75182,28.94616,29.98854,72.39167,72.38744,74.39255,71.44418,29.17899,28.54114,101.69,13,74,29.12,27.86
HOT,144.294,121.7017,126.9992,124.6449,27.90056,32.68187,29.90745,31.39856,28.22564,34.22977,30.77768,29.59258,72.27262,72.28933,74.30723,71.38839,30.14475,29.80286,101.52,18,78,29.3,28.22
HOT,142.235,143.026,141.907,143.5207,39.27023,42.37104,49.96593,45.27743,38.04329,39.68485,55.27113,51.35507,68.51991,66.27283,68.66813,67.9678,39.64938,39.54541,100.2,22,67,39.74,37.76
COLD,140.3754,121.7229,118.694,147.6451,25.00829,28.38577,26.93138,30.98821,25.00063,29.6234,28.25916,31.38857,72.53864,70.36915,72.55499,71.70335,27.65467,27.65467,99.12,21,72,27.14,26.78
COLD,149.1913,130.3134,124.8433,154.9342,12.59687,26.14162,38.67345,16.78986,13.65488,12.03416,31.05547,14.01591,72.32424,70.24921,72.05159,72.57729,14.07752,13.66655,102.53,9,69,10.22,8.6
COLD,140.1627,123.5251,119.4887,148.4329,22.95248,36.62811,32.55162,27.17757,22.34361,24.76815,26.06478,26.10932,73.53983,70.35049,72.3298,71.85839,23.94341,23.47493,102.39,18,52,23.54,21.92
COLD,143.3371,116.7005,112.458,145.5031,31.82932,51.76408,40.4417,36.75095,30.62121,50.6021,45.97151,36.19436,73.54723,70.67736,72.16622,71.87125,32.90416,32.28613,101.74,39,48,33.26,32.54
HOT,142.427,123.164,128.0942,143.7969,38.52079,39.32901,51.18748,50.12392,37.3063,37.72742,43.22388,52.22408,73.15348,70.84258,71.93165,71.6673,41.30745,38.36398,100.42,9,83,37.22,35.42
,,,,,,,,,,,,,,,,,,,,,,,
,,,,,,,,,,,,,,,,,,,,,,,
